regione,totale_assoluti,infanzia_assoluti,primaria_assoluti,secondaria_I_assoluti,secondaria_II_assoluti,totale_per100,infanzia_per100,primaria_per100,secondaria_I_per100,secondaria_II_per100
Italia,598745,130526,228284,124804,115131,65.4,81.0,69.1,63.7,50.6
Piemonte,56845,12234,21216,12100,11295,69.5,83.0,72.3,68.3,56.6
Valle d'Aosta,619,225,247,113,34,46.3,79.5,52.3,44.0,10.5
Lombardia,158069,34800,61300,33609,28360,68.2,84.3,70.4,65.3,54.5
Trentino A.A.,12450,3251,4838,2701,1660,62.6,81.3,64.9,58.5,43.5
Veneto,70869,15324,27367,15149,13029,71.2,84.2,73.4,68.8,59.0
Friuli V.G.,14155,3264,5335,2963,2593,65.0,77.6,68.9,63.4,50.2
Liguria,17566,3826,6816,3474,3450,60.9,76.8,65.4,58.0,46.4
E. Romagna,76785,17266,29947,15391,14181,68.7,86.3,73.2,66.9,50.9
Toscana,49620,9475,18238,10678,11229,68.2,81.8,72.4,68.3,55.1
Umbria,11693,2295,3980,2505,2913,69.9,81.8,73.5,71.3,58.4
Marche,15432,3198,5519,3302,3413,62.7,78.3,67.2,63.6,48.0
Lazio,55349,11410,20777,11159,12003,66.1,81.1,70.6,64.6,52.3
Abruzzo,8284,1795,3183,1754,1552,57.6,71.1,62.2,57.0,42.3
Molise,560,153,185,115,107,41.3,58.8,41.1,43.9,27.9
Campania,14676,3452,5616,2789,2819,44.7,62.1,49.5,43.9,29.3
Puglia,10627,2480,4231,1987,1929,52.3,68.5,58.4,48.4,35.9
Basilicata,1534,438,580,273,243,42.6,65.3,50.3,37.2,23.3
Calabria,5499,1316,2049,1095,1039,42.1,56.6,48.7,41.4,26.7
Sicilia,15047,3681,5661,2983,2722,52.4,71.3,58.2,49.8,34.6
Sardegna,3066,643,1199,664,560,52.1,71.7,63.0,52.2,31.0
