dataset,gestione,anno_scolastico,data_al,uso,url_download,url_catalogo
ALUITASTRACIT,statale,202425,2025-08-31,studenti per cittadinanza,https://dati.istruzione.it/opendata/opendata/catalogo/elements1/ALUITASTRACITSTA20242520250831.csv,https://dati.istruzione.it/opendata/opendata/catalogo/elements1/?area=Studenti
ALUCORSOINDCLA,statale,202425,2025-08-31,studenti e classi per plesso/ordine/anno corso,https://dati.istruzione.it/opendata/opendata/catalogo/elements1/ALUCORSOINDCLASTA20242520250831.csv,https://dati.istruzione.it/opendata/opendata/catalogo/elements1/?area=Studenti
SCUANAGRAFE,statale,202425,2025-08-31,anagrafe scuole statali,https://dati.istruzione.it/opendata/opendata/catalogo/elements1/SCUANAGRAFESTAT20242520250831.csv,https://dati.istruzione.it/opendata/opendata/catalogo/elements1/?area=Scuole
ALUITASTRACIT,paritaria,202425,2025-08-31,studenti per cittadinanza,https://dati.istruzione.it/opendata/opendata/catalogo/elements1/ALUITASTRACITPAR20242520250831.csv,https://dati.istruzione.it/opendata/opendata/catalogo/elements1/?area=Studenti
ALUCORSOINDCLA,paritaria,202425,2025-08-31,studenti e classi per plesso/ordine/anno corso,https://dati.istruzione.it/opendata/opendata/catalogo/elements1/ALUCORSOINDCLAPAR20242520250831.csv,https://dati.istruzione.it/opendata/opendata/catalogo/elements1/?area=Studenti
SCUANAGRAFE,paritaria,202425,2025-08-31,anagrafe scuole paritarie,https://dati.istruzione.it/opendata/opendata/catalogo/elements1/SCUANAGRAFEPAR20242520250831.csv,https://dati.istruzione.it/opendata/opendata/catalogo/elements1/?area=Scuole
SCUANAAUT,statale,202425,2025-08-31,anagrafe scuole nelle province autonome,https://dati.istruzione.it/opendata/opendata/catalogo/elements1/SCUANAAUTSTAT20242520250831.csv,https://dati.istruzione.it/opendata/opendata/catalogo/elements1/?area=Scuole
SCUANAAUT,paritaria,202425,2025-08-31,anagrafe scuole paritarie nelle province autonome,https://dati.istruzione.it/opendata/opendata/catalogo/elements1/SCUANAAUTPAR20242520250831.csv,https://dati.istruzione.it/opendata/opendata/catalogo/elements1/?area=Scuole
SCUANAGRAFE,statale,202627,2026-09-01,anagrafe statale più recente disponibile; scaricata per documentare l'ultimo aggiornamento ma non usata nel calcolo 2024/25,https://dati.istruzione.it/opendata/opendata/catalogo/elements1/SCUANAGRAFESTAT20262720260901.csv,https://dati.istruzione.it/opendata/ricerca/?searchinput=SCUANAGRAFESTAT
SCUANAGRAFE,paritaria,202627,2026-09-01,anagrafe paritaria più recente disponibile; scaricata per documentare l'ultimo aggiornamento ma non usata nel calcolo 2024/25,https://dati.istruzione.it/opendata/opendata/catalogo/elements1/SCUANAGRAFEPAR20262720260901.csv,https://dati.istruzione.it/opendata/ricerca/?searchinput=SCUANAGRAFEPAR
