file,bytes,sha256
ALUCORSOINDCLAPAR20242520250831.csv,751103,f4390e21ce5ed2267115e89e28230ba2a7d38b85d63006ea9f5dd7e2bd3b92dc
ALUCORSOINDCLASTA20242520250831.csv,5708520,9cfa5e077abcd7af99bfb833924c22efbadb51fb8ed6c7205f12dbd2bd222b26
ALUITASTRACITPAR20242520250831.csv,822135,7ddd54941ecf392a3b9e61abec567c4cd36b002362043d7ccdde7fe1a1b70c96
ALUITASTRACITSTA20242520250831.csv,6448156,b44d16e7b361657bc6edebacddbf822ca1d6ac1536c8ba59d07ece69e8485b03
SCUANAAUTPAR20242520250831.csv,16451,6ced7bf6ff5aba9a1679b9f01ec111d71923e2d736a28b216e97e5232928dda9
SCUANAAUTSTAT20242520250831.csv,312925,01d8fc436e6a4f7d7215fed9a1e1beb646f8fab53c2cf874c2ff34bbecc56cf7
SCUANAGRAFEPAR20242520250831.csv,2493951,fd8ec418966aea01537f0816f3e8fc911391eae2c34063e9ca411f14e7ec0c9b
SCUANAGRAFEPAR20262720260901.csv,2467150,08b451a2887bd71f98f6dee10b3c126f4cbaacce9ce237bbd1e755268baf6baf
SCUANAGRAFESTAT20242520250831.csv,13178615,91fac2ac891aa111ad448123e33a0118a854ce58237f985d21b1d7424f0be6fa
SCUANAGRAFESTAT20262720260901.csv,13069213,b62e43b672f1d293c6e12d9b3f2b7da32a3d73cd905f3bc702e99798e4bcd8b6
