codice_scuola,fonte_anagrafe,denominazione_scuola,indirizzo_scuola,cap_scuola,comune,provincia,regione,query_usata,livello_geocoding,lat,lon,granularita,formatted_address,place_id
RMMM8A001G,statale,LEONARDO DA VINCI CIAMPINO,VIALE J.F. KENNEDY N. 139,00043,CIAMPINO,ROMA,LAZIO,"VIALE J.F. KENNEDY N. 139, 00043 CIAMPINO, ROMA, Italia",indirizzo,41.8096803,12.5954752,ROOFTOP,"Viale J. F. Kennedy, 139, 00043 Ciampino RM, Italia",ChIJ2d4PVPKIJRMREAX8oF5z0Uc
PZEE84202C,statale,"FOGGIANO - ""FER.MAR."" MELFI",VIA S. GIUSEPPE,85025,MELFI,POTENZA,BASILICATA,"VIA S. GIUSEPPE, 85025 MELFI, POTENZA, Italia",indirizzo,40.9578148,15.574059,GEOMETRIC_CENTER,"Via S. Giuseppe, 85025 Foggiano PZ, Italia",ChIJiQ7V-JSlORMRAp4DrgucY-U
PCCT70200G,statale,"SCUOLA MEDIA ""MAZZINI""",VIA GIUSEPPE VERDI 6,29015,CASTEL SAN GIOVANNI,PIACENZA,EMILIA ROMAGNA,"VIA GIUSEPPE VERDI 6, 29015 CASTEL SAN GIOVANNI, PIACENZA, Italia",indirizzo,45.0582443,9.4353388,ROOFTOP,"Via Giuseppe Verdi, 6, 29015 Castel San Giovanni PC, Italia",ChIJocyNEx3OgEcRTRA3W1LXZIg
PAIC81400Q,statale,I.C. BORGETTO/ PARTINICO,VIA PRIMAVERA DI PRAGA 1,90042,BORGETTO,PALERMO,SICILIA,"VIA PRIMAVERA DI PRAGA 1, 90042 BORGETTO, PALERMO, Italia",indirizzo,38.0447194,13.1419017,ROOFTOP,"Via Primavera di Praga, 1, 90042 Borgetto PA, Italia",ChIJ3SftcxuNGRMRE5DQbAH_br4
ISTF013026,statale,"SEZ. STACC. DELL'ITIS ""MATTEI""DI ISERNIA",VIA V.EMANUELE,Non Disponibile,FROSOLONE,ISERNIA,MOLISE,"VIA V.EMANUELE, FROSOLONE, ISERNIA, Italia",indirizzo,41.6005572,14.4498867,GEOMETRIC_CENTER,"Corso Vittorio Emanuele, 86095 Frosolone IS, Italia",EjJDb3JzbyBWaXR0b3JpbyBFbWFudWVsZSwgODYwOTUgRnJvc29sb25lIElTLCBJdGFseSIuKiwKFAoSCc16Z3A2eDoTER3KSnqm_aMzEhQKEgkRYgnIS3g6ExE29j15mPmevw
PDRC02101T,statale,IPC (S.A. DE NICOLA),VIA PARINI 10/C,35028,PIOVE DI SACCO,PADOVA,VENETO,"VIA PARINI 10/C, 35028 PIOVE DI SACCO, PADOVA, Italia",indirizzo,45.3020011,12.032791399999999,GEOMETRIC_CENTER,"Via Giuseppe Parini, 10C, 35028 Piove di Sacco PD, Italia",ChIJ2TDNX6nBfkcRzxvl9QYIIw0
SIMM828012,statale,CASOLANI,VIA DEL PACCHIEROTTO 1,53031,CASOLE D'ELSA,SIENA,TOSCANA,"VIA DEL PACCHIEROTTO 1, 53031 CASOLE D'ELSA, SIENA, Italia",indirizzo,43.341147799999995,11.0458315,ROOFTOP,"Via del Pacchierotto, 1, 53031 Casole d'Elsa SI, Italia",ChIJrSzHJ90jKhMRZDKX7RLOaIU
TPRI00801Q,statale,PROF. MAT - PROFESSIONALE ALBERGHIERO,VIA LEONARDO DA VINCI 60- CASTELLAMMARE DEL GOLFO,91014,CASTELLAMMARE DEL GOLFO,TRAPANI,SICILIA,"VIA LEONARDO DA VINCI 60- CASTELLAMMARE DEL GOLFO, 91014 CASTELLAMMARE DEL GOLFO, TRAPANI, Italia",indirizzo,38.022036199999995,12.886147099999999,ROOFTOP,"Viale Leonardo da Vinci, 60, 91014 Castellammare del Golfo TP, Italia",ChIJU65HYleBGRMRAO00U0V8ybE
NAEE8DC033,statale,NA IC - CUPA SPINELLI,VIA CUPA SPINELLI,80145,NAPOLI,NAPOLI,CAMPANIA,"VIA CUPA SPINELLI, 80145 NAPOLI, NAPOLI, Italia",indirizzo,40.8943182,14.2188842,APPROXIMATE,"Cupa Spinelli, 80145 Napoli NA, Italia",ChIJ1bHXuj8GOxMR2qDOVUOHrfk
BOIC87800G,statale,I.C. N. 19 BOLOGNA,VIA D'AZEGLIO 82,40123,BOLOGNA,BOLOGNA,EMILIA ROMAGNA,"VIA D'AZEGLIO 82, 40123 BOLOGNA, BOLOGNA, Italia",indirizzo,44.4874989,11.340257099999999,ROOFTOP,"Via d'Azeglio, 82, 40124 Bologna BO, Italia",ChIJXZLSCOrUf0cRyZzu_tah1Yo
CNEE82607B,statale,PIASCO,VIA E.WILD 5,12026,PIASCO,CUNEO,PIEMONTE,"VIA E.WILD 5, 12026 PIASCO, CUNEO, Italia",indirizzo,44.5656495,7.456368299999999,ROOFTOP,"Via Enrico Wild, 5, 12026 Piasco CN, Italia",ChIJxdFwcHRHzRIR2GoIIUuKRS4
BOMM838016,statale,JOHN FITZGERAL KENNEDY - VADO,VIA L.CASAGLIA1,40036,MONZUNO,BOLOGNA,EMILIA ROMAGNA,"VIA L.CASAGLIA1, 40036 MONZUNO, BOLOGNA, Italia",indirizzo,44.2761803,11.271619,GEOMETRIC_CENTER,"Via Luigi Casaglia, 40036 Monzuno BO, Italia",ChIJ_btENevZKhMRNard5cKAr1Q
RCMM85801D,statale,"SM""A. SCOPELLITI-GREEN"" ROSARNO",VIA NAZIONALE NORD 44,89025,ROSARNO,REGGIO CALABRIA,CALABRIA,"VIA NAZIONALE NORD 44, 89025 ROSARNO, REGGIO CALABRIA, Italia",indirizzo,38.4938285,15.9805481,ROOFTOP,"Via Nazionale Nord, 44, 89025 Rosarno RC, Italia",ChIJM9dLOXASFRMRBJu-sYan7t8
CTTF042014,statale,ITI RAMACCA,VIA FASTUCHERIA 48,95040,RAMACCA,CATANIA,SICILIA,"VIA FASTUCHERIA 48, 95040 RAMACCA, CATANIA, Italia",indirizzo,37.3845635,14.6877539,ROOFTOP,"Via Fastucheria, 48, 95040 Ramacca CT, Italia",ChIJa2ez8JlqERMR8NDqHbOoKzY
VBEE805048,statale,SCUOLA ELEMENTARE DI PREMIA,PIAZZA MUNICIPIO,28866,PREMIA,VERBANO-CUSIO-OSSOLA,PIEMONTE,"PIAZZA MUNICIPIO, 28866 PREMIA, VERBANO-CUSIO-OSSOLA, Italia",indirizzo,46.2685951,8.3396389,GEOMETRIC_CENTER,"Piazza Municipio, 28866 Premia VB, Italia",ChIJyZYpMUeMhUcR5Ie32vhjQ_c
PGAA86506Q,statale,"""ADA BELATI"" S. MARIA ROSSA",VIALE DEI VIGNETI,06079,PERUGIA,PERUGIA,UMBRIA,"VIALE DEI VIGNETI, 06079 PERUGIA, PERUGIA, Italia",indirizzo,43.0282941,12.397186,GEOMETRIC_CENTER,"Via dei Vigneti, 06132 Santa Maria Rossa PG, Italia",ChIJ9UM3OzKiLhMRQYsScdTwXAM
CAAA87102L,statale,VIA S. CATERINA (CARBONIA),VIA S. CATERINA,09013,CARBONIA,SUD SARDEGNA,SARDEGNA,"VIA S. CATERINA, 09013 CARBONIA, SUD SARDEGNA, Italia",indirizzo,39.1591359,8.5345158,GEOMETRIC_CENTER,"Via Santa Caterina, 09013 Carbonia CI, Italia",ChIJtzw-WjEG5xIRiAiw-Zu4W_Y
RMIC8BF004,statale,I.C.C.B. CONTE DI CAVOUR,VIA PIO LA TORRE SNC,00024,CASTEL MADAMA,ROMA,LAZIO,"VIA PIO LA TORRE SNC, 00024 CASTEL MADAMA, ROMA, Italia",indirizzo,41.972332,12.867176,GEOMETRIC_CENTER,"Via Pio la Torre, 00024 Castel Madama RM, Italia",ChIJrdX4nDCDLxMR2POrt81PEEA
MIRC094019,statale,I.P. - L. V. BERTARELLI - FERRARIS,CORSO DI PORTA ROMANA110(ORD) VIA G. ROMANO4(SUC,20122,MILANO,MILANO,LOMBARDIA,"CORSO DI PORTA ROMANA110(ORD) VIA G. ROMANO4(SUC, 20122 MILANO, MILANO, Italia",indirizzo,45.4545639,9.197705599999999,ROOFTOP,"Corso di Porta Romana, 110, 20122 Milano MI, Italia",ChIJjy4BKRzEhkcRny0sLeCS0JI
CEIC8AX00C,statale,MIGNANO M.L. - MARZANO,CORSO UMBERTO I N. 208,81049,MIGNANO MONTE LUNGO,CASERTA,CAMPANIA,"CORSO UMBERTO I N. 208, 81049 MIGNANO MONTE LUNGO, CASERTA, Italia",indirizzo,41.4089001,13.9867045,APPROXIMATE,"81049 Mignano Monte Lungo CE, Italia",ChIJ23Q335KUOhMRPDaMONQyaxg
MBAA8AH01A,statale,VIA N.SAURO,VIA N.SAURO,20900,MONZA,MONZA E DELLA BRIANZA,LOMBARDIA,"VIA N.SAURO, 20900 MONZA, MONZA E DELLA BRIANZA, Italia",indirizzo,45.5597865,9.2612812,GEOMETRIC_CENTER,"Via Nazario Sauro, 20900 Monza MB, Italia",ChIJtXUVnfi4hkcRfEB3lg5eN0I
RMEE8EK01P,statale,PICCININI,VIA F.FIORENTINI 48,00159,ROMA,ROMA,LAZIO,"VIA F.FIORENTINI 48, 00159 ROMA, ROMA, Italia",indirizzo,41.909120699999995,12.554877099999999,ROOFTOP,"Via Filippo Fiorentini, 48, 00159 Roma RM, Italia",ChIJB8gTkLdjLxMRdZMC1MtK1R0
ANIC80300L,statale,"POLVERIGI ""M. RICCI""",VIA MARCONI 22,60020,POLVERIGI,ANCONA,MARCHE,"VIA MARCONI 22, 60020 POLVERIGI, ANCONA, Italia",indirizzo,43.524951699999995,13.3963434,ROOFTOP,"Via G. Marconi, 22, 60020 Polverigi AN, Italia",ChIJS6yOgoWELRMRRxT7ENerAlQ
GEAA84303E,statale,S.MAT. FAVALE DI MALVARO,VIA DI MALVARO 13,16040,FAVALE DI MALVARO,GENOVA,LIGURIA,"VIA DI MALVARO 13, 16040 FAVALE DI MALVARO, GENOVA, Italia",indirizzo,44.4540722,9.2600848,ROOFTOP,"Via Malvaro, 13, 16040 Favale di Malvaro GE, Italia",ChIJG83FDmum1BIR3oA1lvyxpYM
RCAA841076,statale,MELITO P.S. C.DA RUMBOLO,CONTRADA S.LEONARDO C.RUMBOLO,89063,MELITO DI PORTO SALVO,REGGIO CALABRIA,CALABRIA,"CONTRADA S.LEONARDO C.RUMBOLO, 89063 MELITO DI PORTO SALVO, REGGIO CALABRIA, Italia",indirizzo,37.9193332,15.7648588,GEOMETRIC_CENTER,"Via Rumbolo, 89063 Melito di Porto Salvo RC, Italia",ChIJGVH0I-JfFBMRdvaEbpKkdpg
LEIC83000A,statale,"I.C. ""GEREMIA RE""",VIA TURATI 8,73045,LEVERANO,LECCE,PUGLIA,"VIA TURATI 8, 73045 LEVERANO, LECCE, Italia",indirizzo,40.289634299999996,17.9960094,ROOFTOP,"Via Filippo Turati, 8, 73045 Leverano LE, Italia",ChIJAQDQOFKcRhMRCY1Qj8l0WqE
CERI006517,statale,CORSO SERALE IPIA VAIRANO,VIA DEGLI ABRUZZI,81059,VAIRANO PATENORA,CASERTA,CAMPANIA,"VIA DEGLI ABRUZZI, 81059 VAIRANO PATENORA, CASERTA, Italia",indirizzo,41.3199867,14.1055635,GEOMETRIC_CENTER,"Via Abruzzi, 81059 Vairano Patenora CE, Italia",Ei1WaWEgQWJydXp6aSwgODEwNTkgVmFpcmFubyBQYXRlbm9yYSBDRSwgSXRhbHkiLiosChQKEgkJcoqdefI6ExEXZJivn7m35xIUChIJexcTuZHtOhMR4Mp-EiPhCRw
PGAA026011,statale,LA TINA,V.LE SEMPIONE SNC,06012,CITTA' DI CASTELLO,PERUGIA,UMBRIA,"V.LE SEMPIONE SNC, 06012 CITTA' DI CASTELLO, PERUGIA, Italia",indirizzo,43.4658694,12.2439908,GEOMETRIC_CENTER,"Viale Sempione, 06012 Città di Castello PG, Italia",ChIJo-tvKoVyLBMR9uqR1-6haik
CAAA09304L,statale,VIA SALVATOR ROSA,VIA SALVATOR ROSA SNC,09131,CAGLIARI,CAGLIARI,SARDEGNA,"VIA SALVATOR ROSA SNC, 09131 CAGLIARI, CAGLIARI, Italia",indirizzo,39.23382,9.1278982,GEOMETRIC_CENTER,"Via Salvator Rosa, 09131 Cagliari CA, Italia",ChIJc9VkD0E05xIR347rRPd72bY
VIAA82401C,statale,IC CORNEDO - MUZZOLON,PIAZZA S. MARCO,36073,CORNEDO VICENTINO,VICENZA,VENETO,"PIAZZA S. MARCO, 36073 CORNEDO VICENTINO, VICENZA, Italia",indirizzo,45.6302338,11.3282437,GEOMETRIC_CENTER,"Piazza S. Marco, 36073 Cornedo Vicentino VI, Italia",EjJQaWF6emEgUy4gTWFyY28sIDM2MDczIENvcm5lZG8gVmljZW50aW5vIFZJLCBJdGFseSIuKiwKFAoSCbeIcui8TH9HEeZ_LMPATRf4EhQKEgkrp0dJg0x_RxGYhxoZL6Q58A
GREE82601G,statale,"ISTIA - ""C.SABATINI""",PIAZZA S.SEBASTIANO,58010,GROSSETO,GROSSETO,TOSCANA,"PIAZZA S.SEBASTIANO, 58010 GROSSETO, GROSSETO, Italia",indirizzo,42.7117609,11.6840589,APPROXIMATE,"58010 GR, Italia",ChIJ0UViBHsCKRMR8F5BRJQsCBw
VIMM83701P,statale,SMS ALDO MORO,VIA ALFIERI 3,36050,SOVIZZO,VICENZA,VENETO,"VIA ALFIERI 3, 36050 SOVIZZO, VICENZA, Italia",indirizzo,45.5275932,11.4426662,ROOFTOP,"Via V. Alfieri, 3, 36049 Sovizzo VI, Italia",ChIJfRjCJFc2f0cRkKFDsygzA0U
CSMM802042,statale,SM DOMANICO,VIA GRAMSCI,87030,DOMANICO,COSENZA,CALABRIA,"VIA GRAMSCI, 87030 DOMANICO, COSENZA, Italia",indirizzo,39.2168537,16.2084232,GEOMETRIC_CENTER,"Via Antonio Gramsci, 87030 Domanico CS, Italia",Ei1WaWEgQW50b25pbyBHcmFtc2NpLCA4NzAzMCBEb21hbmljbyBDUywgSXRhbHkiLiosChQKEglTlavAUpQ_ExGTXkpbrAVZghIUChIJeWK4hlKUPxMRr8CDwtMf7kY
FGEE89002P,statale,G. RODARI,VIA PONCHIELLI,71016,SAN SEVERO,FOGGIA,PUGLIA,"VIA PONCHIELLI, 71016 SAN SEVERO, FOGGIA, Italia",indirizzo,41.6946683,15.3819219,GEOMETRIC_CENTER,"Via Ponchielli, 71016 San Severo FG, Italia",ChIJEVAuH-1CNxMRYSadGcrsNQo
NURA01802G,statale,IPSAA SINISCOLA COLONIA PENALE MAMONE,VIA CENTRALE N. 3,08020,SINISCOLA,NUORO,SARDEGNA,"VIA CENTRALE N. 3, 08020 SINISCOLA, NUORO, Italia",indirizzo,40.5691988,9.4282994,GEOMETRIC_CENTER,"Via Centrale, 08020 Onanì NU, Italia",ChIJ1RsRMyGW3hIRnQsArEtlan0
BIAA80604C,statale,BENNA,VIA GIANASSO 13 - VIA ZUMAGLINI 1,13871,BENNA,BIELLA,PIEMONTE,"VIA GIANASSO 13 - VIA ZUMAGLINI 1, 13871 BENNA, BIELLA, Italia",indirizzo,45.5068014,8.1203004,ROOFTOP,"Via Zumaglini, 1, 13871 Verrone BI, Italia",ChIJWWnil04khkcRsXRGxTTXEjA
APRH00801P,statale,IPSSEOA ASCOLI PICENO,VIA KENNEDY 34,63100,ASCOLI PICENO,ASCOLI PICENO,MARCHE,"VIA KENNEDY 34, 63100 ASCOLI PICENO, ASCOLI PICENO, Italia",indirizzo,42.8531027,13.5955412,ROOFTOP,"Via F. Kennedy John, 34, 63100 Ascoli Piceno AP, Italia",ChIJb5S6V-P8MRMR7M5LXMl5afU
PVAA813014,statale,COPIANO,VIA MAURO PONTI SNC,27010,COPIANO,PAVIA,LOMBARDIA,"VIA MAURO PONTI SNC, 27010 COPIANO, PAVIA, Italia",indirizzo,45.2086788,9.363723,GEOMETRIC_CENTER,"Via S. Mauro, 27010 PV, Italia",ChIJjV2MUqQqh0cRswEyUaCRsjM
FIEE876025,statale,"""D.ALIGHIERI""",VIA SAETTINO2,50053,EMPOLI,FIRENZE,TOSCANA,"VIA SAETTINO2, 50053 EMPOLI, FIRENZE, Italia",indirizzo,43.717897199999996,10.9479081,APPROXIMATE,"Empoli FI, Italia",ChIJv7XTsHloKhMR1Au0zrxM3cQ
BREE818026,statale,CIRC.-LANZILLOTTI-CAROVIGNO,VIA QUASIMODO 1,72012,CAROVIGNO,BRINDISI,PUGLIA,"VIA QUASIMODO 1, 72012 CAROVIGNO, BRINDISI, Italia",indirizzo,40.709189,17.657756799999998,RANGE_INTERPOLATED,"Via Salvatore Quasimodo, 1, 72012 Carovigno BR, Italia",EjVWaWEgU2FsdmF0b3JlIFF1YXNpbW9kbywgMSwgNzIwMTIgQ2Fyb3ZpZ25vIEJSLCBJdGFseSIwEi4KFAoSCWXksIKtQkYTESWAJtsEz6yGEAEqFAoSCWXksIKtQkYTEbpMYNrk75WD
CSEE85110G,statale,MALITO - CENTRO,Non Disponibile,87030,MALITO,COSENZA,CALABRIA,"87030 MALITO, COSENZA, Italia",comune,39.153522900000006,16.2478804,APPROXIMATE,"87030 Malito CS, Italia",ChIJwV8hcVTrPxMRVTjODyFY1Pk
PVEE82503N,statale,PASCOLI,VIA COLESINO 2,27100,PAVIA,PAVIA,LOMBARDIA,"VIA COLESINO 2, 27100 PAVIA, PAVIA, Italia",indirizzo,45.1913836,9.1646998,ROOFTOP,"Via Colesino, 2, 27100 Pavia PV, Italia",ChIJ-TzqDEomh0cRdiAeJvBn6s0
AVPC032026,statale,LICEO CLASSICO,VIA D.PASCUCCI 5,83030,PIETRADEFUSI,AVELLINO,CAMPANIA,"VIA D.PASCUCCI 5, 83030 PIETRADEFUSI, AVELLINO, Italia",indirizzo,41.0358323,14.8946097,ROOFTOP,"Via Dionisio Pascucci, 5, 83030 Dentecane AV, Italia",ChIJ6VTUt4cuOhMRR39oDahRZn8
COIC82700G,statale,I.C. APPIANO GENTILE,VIA CHERUBINO FERRARIO 4,22070,APPIANO GENTILE,COMO,LOMBARDIA,"VIA CHERUBINO FERRARIO 4, 22070 APPIANO GENTILE, COMO, Italia",indirizzo,45.7314095,8.983416199999999,ROOFTOP,"Via Cherubino Ferrario, 4, 22070 Appiano Gentile CO, Italia",ChIJiShMADKFhkcRzMDdgLmZYB8
REEE82405R,statale,COLLODI,VIA VENERI 57,42124,REGGIO NELL'EMILIA,REGGIO EMILIA,EMILIA ROMAGNA,"VIA VENERI 57, 42124 REGGIO NELL'EMILIA, REGGIO EMILIA, Italia",indirizzo,44.7050754,10.643420899999999,ROOFTOP,"Via Antonio Veneri, 57, 42124 Reggio Emilia RE, Italia",ChIJ-yxSwEscgEcRFIhlo4WojRA
TPRI028022,statale,"I.P.S.I.A.""C.MONTELEONE"" SEDE CARCERARIA",VIA MADONNA DI FATIMA,91100,TRAPANI,TRAPANI,SICILIA,"VIA MADONNA DI FATIMA, 91100 TRAPANI, TRAPANI, Italia",indirizzo,38.0269956,12.5364289,GEOMETRIC_CENTER,"Via Madonna di Fatima, Trapani TP, Italia",EihWaWEgTWFkb25uYSBkaSBGYXRpbWEsIFRyYXBhbmkgVFAsIEl0YWx5Ii4qLAoUChIJgb3niNpjGRMRu6-z3W-QYBwSFAoSCV-QpNYvYhkTEYI0mPm83vGL
GRTD003028,statale,"""PADRE E.BALDUCCI"" SANTA FIORA",VIA D. LAZZERETTI 1,58037,SANTA FIORA,GROSSETO,TOSCANA,"VIA D. LAZZERETTI 1, 58037 SANTA FIORA, GROSSETO, Italia",indirizzo,42.871168499999996,11.5405964,ROOFTOP,"Viale Davide Lazzaretti, 1, 58031 Arcidosso GR, Italia",ChIJ3UHh4JESKRMR06D3JVKXOn4
MNTE01000B,statale,IST. TECNICO ECONOMICO TECN. MANTEGNA,VIA SANTA MARTA 3/C,46100,MANTOVA,MANTOVA,LOMBARDIA,"VIA SANTA MARTA 3/C, 46100 MANTOVA, MANTOVA, Italia",indirizzo,45.1496855,10.8000136,ROOFTOP,"Via Santa Marta, 3/c, 46100 Mantova MN, Italia",Ei1WaWEgU2FudGEgTWFydGEsIDMvYywgNDYxMDAgTWFudG92YSBNTiwgSXRhbHkiHRobChYKFAoSCbH8Ll051IFHEa2RsG00id9wEgFj
CRMM81501D,statale,"""A. STRADIVARI"" (SOSPIRO)",PIAZZA LIBERTA',26048,SOSPIRO,CREMONA,LOMBARDIA,"PIAZZA LIBERTA', 26048 SOSPIRO, CREMONA, Italia",indirizzo,45.1057157,10.1571765,GEOMETRIC_CENTER,"Piazza Libertà, 26048 Sospiro CR, Italia",ChIJmxc0nF5UgEcRSQXrZi8Hyrs
PIAA825051,statale,SANTA MARIA A MONTE,VIA QUERCE 15,56020,SANTA MARIA A MONTE,PISA,TOSCANA,"VIA QUERCE 15, 56020 SANTA MARIA A MONTE, PISA, Italia",indirizzo,43.6982876,10.687184799999999,RANGE_INTERPOLATED,"Via Querce, 15, 56020 Santa Maria a Monte PI, Italia",EjNWaWEgUXVlcmNlLCAxNSwgNTYwMjAgU2FudGEgTWFyaWEgYSBNb250ZSBQSSwgSXRhbHkiMBIuChQKEgmDuXAf6HYqExFMpyX0PxlWNhAPKhQKEgm3TOIa6HYqExGbIP3fMtuBbA
UDAA83203E,statale,BAGNARIA ARSA/CASTIONS MURA,FRAZ. CASTIONS,33050,BAGNARIA ARSA,UDINE,FRIULI-VENEZIA G.,"FRAZ. CASTIONS, 33050 BAGNARIA ARSA, UDINE, Italia",indirizzo,45.8836314,13.2846713,APPROXIMATE,"33050 Bagnaria Arsa UD, Italia",ChIJp46k0m-6e0cRhAf1S2xErP8
RNEE018016,statale,CAMERANO (CD 2 S.ARCANGELO),VIA MACELLO 479,47824,POGGIO TORRIANA,RIMINI,EMILIA ROMAGNA,"VIA MACELLO 479, 47824 POGGIO TORRIANA, RIMINI, Italia",indirizzo,44.0437471,12.4105913,ROOFTOP,"Via Macello, 479, 47824 Poggio Berni RN, Italia",ChIJaXpEPL-_LBMRDWF2bHdCNMA
NOEE83303B,statale,VITTORIO ALFIERI,VIA PASCOLI 10,28021,BORGOMANERO,NOVARA,PIEMONTE,"VIA PASCOLI 10, 28021 BORGOMANERO, NOVARA, Italia",indirizzo,45.694502299999996,8.4690805,ROOFTOP,"Via Giovanni Pascoli, 10, 28021 Borgomanero NO, Italia",ChIJTSPZKlhshkcRbnFkaW4OFSo
GRIC81900A,statale,ROCCASTRADA PIETRO L.LORENA,VIA SALVO D'ACQUISTO,58036,ROCCASTRADA,GROSSETO,TOSCANA,"VIA SALVO D'ACQUISTO, 58036 ROCCASTRADA, GROSSETO, Italia",indirizzo,43.0064512,11.1713087,GEOMETRIC_CENTER,"Via Salvo D'Acquisto, 58036 Roccastrada GR, Italia",ChIJ9fDhWfqZKRMRAB2wJOqwh8k
SRIC81100X,statale,"I.C.""WOJTYLA-CHINDEMI"" SIRACUSA",VIA TUCIDIDE 5,96100,SIRACUSA,SIRACUSA,SICILIA,"VIA TUCIDIDE 5, 96100 SIRACUSA, SIRACUSA, Italia",indirizzo,37.0816316,15.2923459,ROOFTOP,"Via Tucidide, 5, 96100 Siracusa SR, Italia",ChIJd1KYY77OExMRhjPK21qxqt8
SIEE82003E,statale,G. RODARI - MONTEP.NO STAZIONE,VIA BERGAMO 10,53045,MONTEPULCIANO,SIENA,TOSCANA,"VIA BERGAMO 10, 53045 MONTEPULCIANO, SIENA, Italia",indirizzo,43.13635970000001,11.853465499999999,ROOFTOP,"Via Bergamo, 10, 53045 Montepulciano Stazione SI, Italia",ChIJrwnAyVJYKRMRNOvu34XvpMg
PGAA833035,statale,"""M.S.SIENA"" - TORCHIAGINA",PIAZZA DOMENICO SIENA FR.TORCHIAGINA,06081,ASSISI,PERUGIA,UMBRIA,"PIAZZA DOMENICO SIENA FR.TORCHIAGINA, 06081 ASSISI, PERUGIA, Italia",indirizzo,43.1206002,12.534995,GEOMETRIC_CENTER,"Piazza Domenico Siena, 06181 Torchiagina PG, Italia",EjJQaWF6emEgRG9tZW5pY28gU2llbmEsIDA2MTgxIFRvcmNoaWFnaW5hIFBHLCBJdGFseSIuKiwKFAoSCfGQnd41JywTEUPh_tQYxlIfEhQKEgkjAyVmNicsExFd__GNvS8xBw
TEEE82402E,statale,CASTELNUOVO VOMANO,VIA GIOVANNI VERGA,64020,CASTELLALTO,TERAMO,ABRUZZO,"VIA GIOVANNI VERGA, 64020 CASTELLALTO, TERAMO, Italia",indirizzo,42.6296526,13.8462882,GEOMETRIC_CENTER,"Via Giovanni Verga, 64020 Castelnuovo Vomano TE, Italia",ChIJNyGRv8LBMRMR_QBQoU0-uxk
ENAA810014,statale,LARGO CANALE,"LARGO CANAL""MAD. D.GRAZIE"" 4",94016,PIETRAPERZIA,ENNA,SICILIA,"LARGO CANAL""MAD. D.GRAZIE"" 4, 94016 PIETRAPERZIA, ENNA, Italia",indirizzo,37.4206539,14.1366873,APPROXIMATE,"94016 Pietraperzia EN, Italia",ChIJdxWL-lLmEBMRY1oxeMU9jHk
SAAA8CJ01X,statale,ACQUAVELLA-CASALVELINO,VIA NAPOLI,84040,CASAL VELINO,SALERNO,CAMPANIA,"VIA NAPOLI, 84040 CASAL VELINO, SALERNO, Italia",indirizzo,40.2100114,15.1173411,GEOMETRIC_CENTER,"Via Napoli, 84040 Casal Velino SA, Italia",ChIJZQgYD_urPhMRwpoHKIUl85k
VVTD00350V,statale,IST. TECN. COMM. E GEOM. CORSO SERALE,Non Disponibile,Non Disponibile,SERRA SAN BRUNO,VIBO VALENTIA,CALABRIA,"SERRA SAN BRUNO, VIBO VALENTIA, Italia",comune,38.5771392,16.3302621,APPROXIMATE,"89822 Serra San Bruno VV, Italia",ChIJvZYdtwhGFRMRZg2QnV2Lk58
TAAA843017,statale,VIA S.FRANCESCO,VIA S.FRANCESCO,74014,LATERZA,TARANTO,PUGLIA,"VIA S.FRANCESCO, 74014 LATERZA, TARANTO, Italia",indirizzo,40.6265195,16.8006131,ROOFTOP,"Via S. Francesco d'Assisi, 15, 74014 Laterza TA, Italia",ChIJr-VtUZF2RxMRczSqbHZn_YI
SAAA8BH014,statale,COLOGNA,VIA G.MAZZINI,84080,PELLEZZANO,SALERNO,CAMPANIA,"VIA G.MAZZINI, 84080 PELLEZZANO, SALERNO, Italia",indirizzo,40.718186,14.7773211,GEOMETRIC_CENTER,"Via G. Mazzini, 84080 SA, Italia",ChIJg5ycvIzDOxMRSdwTv1emncg
SAEE8B305A,statale,SCUOLA PRIMARIA - ACERNO,VIA DONATUS ACERNENIS,84042,ACERNO,SALERNO,CAMPANIA,"VIA DONATUS ACERNENIS, 84042 ACERNO, SALERNO, Italia",indirizzo,40.7411569,15.0544432,GEOMETRIC_CENTER,"Via S. Donato, 84042 Acerno SA, Italia",ChIJf9XJx5JiORMRpXHoaYKhHoo
NAEE172075,statale,QUALIANO 1 - RIONE PRINCIPE,VIA COSTANTINO 26,80019,QUALIANO,NAPOLI,CAMPANIA,"VIA COSTANTINO 26, 80019 QUALIANO, NAPOLI, Italia",indirizzo,40.9254368,14.1566345,ROOFTOP,"Via Costantino, 26, 80019 Qualiano NA, Italia",ChIJ___v6lIEOxMRuHG6Duy93KY
VAEE83501A,statale,DE AMICIS-CASALE L. FR. VILLADO,VIA F.LLI CERVI 44,21020,CASALE LITTA,VARESE,LOMBARDIA,"VIA F.LLI CERVI 44, 21020 CASALE LITTA, VARESE, Italia",indirizzo,45.7570893,8.7358431,ROOFTOP,"Via F.lli Cervi, 44, 21020 San Pancrazio VA, Italia",ChIJZ79MwYt8hkcRJiTivPbEBEc
MOMM829019,statale,PARCO DUCALE,LARGO P. BEZZI 6,41049,SASSUOLO,MODENA,EMILIA ROMAGNA,"LARGO P. BEZZI 6, 41049 SASSUOLO, MODENA, Italia",indirizzo,44.5444733,10.784894099999999,APPROXIMATE,"41049 Sassuolo MO, Italia",ChIJkW7nZ5L8f0cRE5awh2hmDRQ
PVEE823032,statale,PINAROLO PO,VIA DEPRETIS. 10,27040,PINAROLO PO,PAVIA,LOMBARDIA,"VIA DEPRETIS. 10, 27040 PINAROLO PO, PAVIA, Italia",indirizzo,45.0687492,9.1685631,RANGE_INTERPOLATED,"Via Agostino Depretis, 10, 27040 Pinarolo Po PV, Italia",EjZWaWEgQWdvc3Rpbm8gRGVwcmV0aXMsIDEwLCAyNzA0MCBQaW5hcm9sbyBQbyBQViwgSXRhbHkiMBIuChQKEgnLNe7zFjCHRxEa3hQ-IqMRyxAKKhQKEgnLNe7zFjCHRxEsmCO5BlbTPQ
PZAA89402X,statale,SCUOLA MATERNA ATELLA,CORSO PAPA GIOVANNI XXIII 148,85020,ATELLA,POTENZA,BASILICATA,"CORSO PAPA GIOVANNI XXIII 148, 85020 ATELLA, POTENZA, Italia",indirizzo,40.8751437,15.652082199999999,ROOFTOP,"Corso Papa Giovanni XXIII, 148, 85020 Atella PZ, Italia",ChIJAft8HLCpORMRsrBJBMD-c7U
RATD030506,statale,G.GINANNI - CORSO SERALE -,VIA CARDUCCI 11,48100,RAVENNA,RAVENNA,EMILIA ROMAGNA,"VIA CARDUCCI 11, 48100 RAVENNA, RAVENNA, Italia",indirizzo,44.4177646,12.205643799999999,ROOFTOP,"Via Giosuè Carducci, 11, 48121 Ravenna RA, Italia",ChIJ1VgGMVj5fUcROaqi-b9MeJw
PAAA85501V,statale,CASA DEL FANCIULLO,VIA MESSINA MARINE 811,90123,PALERMO,PALERMO,SICILIA,"VIA MESSINA MARINE 811, 90123 PALERMO, PALERMO, Italia",indirizzo,38.095182699999995,13.4307728,ROOFTOP,"Via Messina Marine, 811, 90121 Palermo PA, Italia",ChIJO1PLH2fkGRMRrG7yeY-onkw
CEIS03900D,statale,PADRE SALVATORE LENER,VIA LEONARDO DA VINCI 1^ TRAVERSA N. 4,81025,MARCIANISE,CASERTA,CAMPANIA,"VIA LEONARDO DA VINCI 1^ TRAVERSA N. 4, 81025 MARCIANISE, CASERTA, Italia",indirizzo,41.026335499999995,14.291255,ROOFTOP,"Via Leonardo Da Vinci, 1/4, 81025 Marcianise CE, Italia",EjZWaWEgTGVvbmFyZG8gRGEgVmluY2ksIDEvNCwgODEwMjUgTWFyY2lhbmlzZSBDRSwgSXRhbHkiHRobChYKFAoSCYECPa5UVToTESsy76DmHXrMEgE0
CNRC00301D,statale,"CUNEO ""S.GRANDIS""",CORSO IV NOVEMBRE 16,12100,CUNEO,CUNEO,PIEMONTE,"CORSO IV NOVEMBRE 16, 12100 CUNEO, CUNEO, Italia",indirizzo,44.3896588,7.5398515,ROOFTOP,"Corso IV Novembre, 16, 12100 Cuneo CN, Italia",ChIJOQ2JGkRpzRIRAg1ta5Pj6f8
LTEE826013,statale,G.MARCONI (CAPOLUOGO),VIA VINCENZO DE LUCA,04027,PONZA,LATINA,LAZIO,"VIA VINCENZO DE LUCA, 04027 PONZA, LATINA, Italia",indirizzo,40.89431,12.9658616,GEOMETRIC_CENTER,"Piazza Carlo Pisacane, 04027 Ponza LT, Italia",ChIJq4tU8uzyJBMRmWgb9JpTmQU
MCAA804024,statale,DON RICCI,VIA DON RICCI 8,62020,MONTE SAN MARTINO,MACERATA,MARCHE,"VIA DON RICCI 8, 62020 MONTE SAN MARTINO, MACERATA, Italia",indirizzo,43.0325292,13.4433522,ROOFTOP,"Via Don Ernesto Ricci, 8, 62020 Monte San Martino MC, Italia",ChIJieKmD9P9LRMRjcx4dfBr0ew
LTEE809019,statale,DE RUOSI MICHELE,VIA DEI BONIFICATORI 2,04010,SABAUDIA,LATINA,LAZIO,"VIA DEI BONIFICATORI 2, 04010 SABAUDIA, LATINA, Italia",indirizzo,41.3393928,13.1043527,ROOFTOP,"Via dei Bonificatori, 2, 04016 Sabaudia LT, Italia",ChIJYWjthkIXJRMR_FOmxJeFoes
NAAA8EC03C,statale,NA IC 68 - CARUSO,VIA CICCARELLI,80147,NAPOLI,NAPOLI,CAMPANIA,"VIA CICCARELLI, 80147 NAPOLI, NAPOLI, Italia",indirizzo,40.8448808,14.3196499,GEOMETRIC_CENTER,"Via Pasquale Ciccarelli, 80147 Napoli NA, Italia",ChIJa3Ejk8enOxMR_ss4PBeCcYU
PREE83802D,statale,LUIGI RICCARDI,STRADA DEL MULINO 10 - TORRECHIARA,43010,LANGHIRANO,PARMA,EMILIA ROMAGNA,"STRADA DEL MULINO 10 - TORRECHIARA, 43010 LANGHIRANO, PARMA, Italia",indirizzo,44.6570627,10.277320099999999,ROOFTOP,"Str. del Mulino, 10, 43013 Torrechiara PR, Italia",ChIJkS-9y-dygEcRHFE3kJxRw1k
CTAA82003D,statale,2 CD -CIELO STELLATO,VIA DEL BIANCOSPINO,95033,BIANCAVILLA,CATANIA,SICILIA,"VIA DEL BIANCOSPINO, 95033 BIANCAVILLA, CATANIA, Italia",indirizzo,37.6501128,14.8552415,GEOMETRIC_CENTER,"Via del Biancospino, 95033 Biancavilla CT, Italia",ChIJ3zOjxHFSERMR9Z_n2ckssDQ
CNEE85703V,statale,"CUNEO SOLERI ""PAOLA GARELLI""",CORSO SOLERI 1,12100,CUNEO,CUNEO,PIEMONTE,"CORSO SOLERI 1, 12100 CUNEO, CUNEO, Italia",indirizzo,44.3892933,7.5459173,ROOFTOP,"Corso Marcello Soleri, 1, 12100 Cuneo CN, Italia",ChIJFXebXUdpzRIR0Hk5VYM8nAY
FREE858031,statale,VICEBRIGADIERE MARIO CARCASOLE,VIA SAN FRANCESCO,03023,CECCANO,FROSINONE,LAZIO,"VIA SAN FRANCESCO, 03023 CECCANO, FROSINONE, Italia",indirizzo,41.5653839,13.345828,GEOMETRIC_CENTER,"Traversa I S. Francesco, 03023 Ceccano FR, Italia",ChIJ-T64oppFJRMRZgFhsbJiB2I
VAEE82603N,statale,G. PARINI - BRUSIMPIANO -,VIA APPIANI 2,21050,BRUSIMPIANO,VARESE,LOMBARDIA,"VIA APPIANI 2, 21050 BRUSIMPIANO, VARESE, Italia",indirizzo,45.9477573,8.8906797,APPROXIMATE,"21050 Brusimpiano VA, Italia",ChIJS4F8TKIshEcRm5u0EyacHc4
VREE840021,statale,S.MARTINO B.A.SALVO D'ACQUISTO,VIA L. EINAUDI,37036,SAN MARTINO BUON ALBERGO,VERONA,VENETO,"VIA L. EINAUDI, 37036 SAN MARTINO BUON ALBERGO, VERONA, Italia",indirizzo,45.4253687,11.1051023,GEOMETRIC_CENTER,"Via Luigi Einaudi, 37036 San Martino Buon Albergo VR, Italia",ChIJT2WWeWZcf0cRXDsmC_m91as
PGAA82804P,statale,"""G. L. RADICE"" - GAIFANA",VIA FANO - FRAZ. GAIFANA,06030,NOCERA UMBRA,PERUGIA,UMBRIA,"VIA FANO - FRAZ. GAIFANA, 06030 NOCERA UMBRA, PERUGIA, Italia",indirizzo,43.1503692,12.8049363,GEOMETRIC_CENTER,"Via Fano, 06025 Nocera Umbra PG, Italia",ChIJQRK53qgsLBMRJHRdb8E2i2w
RMMM8F701B,statale,"""CLEMENTE CARDINALI"" VELLETRI",VIA ACCADEMIA IT.DELLA CUCINA1,00049,VELLETRI,ROMA,LAZIO,"VIA ACCADEMIA IT.DELLA CUCINA1, 00049 VELLETRI, ROMA, Italia",indirizzo,41.6835242,12.778371499999999,APPROXIMATE,"00049 Velletri RM, Italia",ChIJ48XXNzidJRMRnZgtQkG99lU
AQIS02100G,statale,"I.S.S. ""OVIDIO""",V.LE PALMIRO TOGLIATTI,67039,SULMONA,L'AQUILA,ABRUZZO,"V.LE PALMIRO TOGLIATTI, 67039 SULMONA, L'AQUILA, Italia",indirizzo,42.0536605,13.9299369,GEOMETRIC_CENTER,"Viale Palmiro Togliatti, 67039 Sulmona AQ, Italia",ChIJPWX5qIlAMBMRq7bdWvJMIzU
MSAA814012,statale,CASA CORVI,VIA ROMA,54027,PONTREMOLI,MASSA-CARRARA,TOSCANA,"VIA ROMA, 54027 PONTREMOLI, MASSA-CARRARA, Italia",indirizzo,44.3753497,9.8769357,GEOMETRIC_CENTER,"Via Roma, 54027 Pontremoli MS, Italia",ChIJ5eKGwu3Y1BIR7HmONoU6i3c
VAEE84001T,statale,C.BATTISTI OGGIONA,PIAZZA RISORGIMENTO 1,21040,OGGIONA CON SANTO STEFANO,VARESE,LOMBARDIA,"PIAZZA RISORGIMENTO 1, 21040 OGGIONA CON SANTO STEFANO, VARESE, Italia",indirizzo,45.7025195,8.8166561,ROOFTOP,"Via Risorgimento, 1, 21040 Oggiona VA, Italia",ChIJPbSeTBOIhkcRew1hCMy_tVg
TOAA81303C,statale,I.C.TORRE PELLICE-VILLAR PELLIC,V.LE PRIMO MAGGIO,10060,VILLAR PELLICE,TORINO,PIEMONTE,"V.LE PRIMO MAGGIO, 10060 VILLAR PELLICE, TORINO, Italia",indirizzo,45.0732416,7.6895252,GEOMETRIC_CENTER,"Viale 1º Maggio, 10124 Torino TO, Italia",ChIJQ8qEf3ptiEcRVDRiFuRM64U
CTAA8AD014,statale,S.G. BOSCO PLESSO VIA PALERMO,VIA DELLA CERNAIA 4,95122,CATANIA,CATANIA,SICILIA,"VIA DELLA CERNAIA 4, 95122 CATANIA, CATANIA, Italia",indirizzo,37.4994426,15.068890699999999,ROOFTOP,"Via della Cernaia, 4, 95122 Catania CT, Italia",ChIJp80A4NriExMRJG8pb35F6gw
MIEE8AB01Q,statale,PRIMARIA E. DE AMICIS,VIA GOLDONI 1,20068,PESCHIERA BORROMEO,MILANO,LOMBARDIA,"VIA GOLDONI 1, 20068 PESCHIERA BORROMEO, MILANO, Italia",indirizzo,45.4333907,9.312687,ROOFTOP,"Via Carlo Goldoni, 1, 20068 Peschiera Borromeo MI, Italia",ChIJZV2LsSDPhkcRVNUFPrQTKtg
CSPS01401P,statale,LS AMANTEA,VIA SAN ANTONIO,87032,AMANTEA,COSENZA,CALABRIA,"VIA SAN ANTONIO, 87032 AMANTEA, COSENZA, Italia",indirizzo,39.113662,16.0820178,GEOMETRIC_CENTER,"Via Sant'Antonio, 87032 Amantea CS, Italia",ChIJdzsTVEPBPxMRAGb_ouc7PvU
BGAA846013,statale,FARA GERA D'ADDA,VIA RONCHI DI SOPRA,24045,FARA GERA D'ADDA,BERGAMO,LOMBARDIA,"VIA RONCHI DI SOPRA, 24045 FARA GERA D'ADDA, BERGAMO, Italia",indirizzo,45.5490883,9.5331438,GEOMETRIC_CENTER,"Via Ronchi di Sopra, 24045 Fara Gera d'Adda BG, Italia",EjVWaWEgUm9uY2hpIGRpIFNvcHJhLCAyNDA0NSBGYXJhIEdlcmEgZCdBZGRhIEJHLCBJdGFseSIuKiwKFAoSCUdcIL4GS4FHERLdMxNEK311EhQKEgmpvXU6CUuBRxFkOkQyu5IpKQ
FGRC04601L,statale,"I.P.S.C. ""A. OLIVETTI"" - ORTA NOVA",VIA PUGLIE,71045,ORTA NOVA,FOGGIA,PUGLIA,"VIA PUGLIE, 71045 ORTA NOVA, FOGGIA, Italia",indirizzo,41.331932,15.7104975,GEOMETRIC_CENTER,"Via Puglie, 71045 Orta Nova FG, Italia",ChIJZTSPij_SORMRrW3fPwTVBSc
PTTD020005,statale,"ITC ""PACINI""",CORSO GRAMSCI N.43,51100,PISTOIA,PISTOIA,TOSCANA,"CORSO GRAMSCI N.43, 51100 PISTOIA, PISTOIA, Italia",indirizzo,43.9309917,10.912255,ROOFTOP,"Corso Antonio Gramsci, 43, 51100 Pistoia PT, Italia",ChIJ8bTuh8CLKhMR3I_OuuZVvCg
MIEE85403X,statale,PRIMARIA S. STEFANO TICINO,VIALE DELLA REPUBBLICA 45,20010,SANTO STEFANO TICINO,MILANO,LOMBARDIA,"VIALE DELLA REPUBBLICA 45, 20010 SANTO STEFANO TICINO, MILANO, Italia",indirizzo,45.4889789,8.9231716,ROOFTOP,"Viale della Repubblica, 45, 20010 Santo Stefano Ticino MI, Italia",ChIJZafUCfDthkcRYFcAZkpY9Bg
TREE818041,statale,TERNI GABELLETTA (I.C. CAMP.),VIA GABELLETTA 139,05100,TERNI,TERNI,UMBRIA,"VIA GABELLETTA 139, 05100 TERNI, TERNI, Italia",indirizzo,42.5902227,12.5859858,ROOFTOP,"Via Gabelletta, 139, 05100 Terni TR, Italia",ChIJu4yjQ_vkLhMR8rsAnTWZh7g
APAA825066,statale,INFANZIA SERVIGLIANO,VIA AMENDOLA 33,63029,SERVIGLIANO,FERMO,MARCHE,"VIA AMENDOLA 33, 63029 SERVIGLIANO, FERMO, Italia",indirizzo,43.0787325,13.492497600000002,ROOFTOP,"Via Amendola, 33, 63839 Servigliano FM, Italia",ChIJJZdFiCb5LRMR7Uqan-HtUtw
BSIC807004,statale,I.C. CIVIDATE CAMUNO,VIA CORTIGLIONE N. 17,25040,CIVIDATE CAMUNO,BRESCIA,LOMBARDIA,"VIA CORTIGLIONE N. 17, 25040 CIVIDATE CAMUNO, BRESCIA, Italia",indirizzo,45.942773300000006,10.2761775,ROOFTOP,"Via Cortiglione, 17, 25040 Cividate Camuno BS, Italia",ChIJ5Q0DiIvOg0cR9oqk5pnZSJ4
BAAA8AN03C,statale,INFANZIA SERENA,VIALE DELLA REPUBBLICA,70026,MODUGNO,BARI,PUGLIA,"VIALE DELLA REPUBBLICA, 70026 MODUGNO, BARI, Italia",indirizzo,41.0840865,16.7903314,GEOMETRIC_CENTER,"Viale della Repubblica, 70026 Modugno BA, Italia",ChIJb84Xt5nuRxMRP_arGdRYsUA
