anno_scolastico,tipo_gestione,codice_scuola,denominazione_scuola,codice_istituto_riferimento,denominazione_istituto_riferimento,ordine_scuola,anno_corso,area_geografica,regione,provincia,codice_comune,comune,indirizzo_scuola,cap_scuola,tipo_scuola_anagrafe,caratteristica_scuola,fonte_anagrafe,anagrafe_mappata,alunni_italiani,alunni_non_italiani,alunni_totali,quota_non_nati_in_Italia_riferimento,alunni_non_nati_in_Italia,alunni_nati_in_Italia,quota_non_nati_in_Italia,sopra_30,m_min,m_min_irrisolvibile,m_min_con_sostituzione_legacy,classi_esatte,alunni_classi_esatte,delta_n_cittadinanza_meno_classi,chiave_classi_confrontabile
202425,statale,CSRI310006,IPSIA BOCCHIGLIERO,CSRI310006,IPSIA BOCCHIGLIERO,SCUOLA SECONDARIA II GRADO,4,SUD,CALABRIA,COSENZA,A912,BOCCHIGLIERO,VIA ARENTO,87060,IST PROF INDUSTRIA E ARTIGIANATO,NORMALE,standard,1,1,9,10,0.733,7,3,0.700000,1,6,0,4,1,10,0,1
202425,paritaria,NAPS5M500T,INTERNATIONAL SCHOOL OF LAGO PATRIA,,,SCUOLA SECONDARIA II GRADO,2,SUD,CAMPANIA,NAPOLI,E054,GIUGLIANO IN CAMPANIA,VIA I TRAVERSA MARENOLA 17,80014,SCUOLA SEC. SECONDO GRADO NON STATALE,NON DISPONIBILE (PARITARIA),standard,1,1,15,16,0.707,11,5,0.687500,1,9,0,7,1,16,0,1
202425,statale,SAMM87203C,AULETTA,SAIC872009,I.O.C. POLLA,SCUOLA SECONDARIA I GRADO,2,SUD,CAMPANIA,SALERNO,A495,AULETTA,VIA LARGO CAPPELLI,84031,SCUOLA PRIMO GRADO,NORMALE,standard,1,0,17,17,0.561,10,7,0.588235,1,7,0,5,1,17,0,1
202425,statale,SAMM87201A,"POLLA ""E.DE AMICIS""",SAIC872009,I.O.C. POLLA,SCUOLA SECONDARIA I GRADO,1,SUD,CAMPANIA,SALERNO,G793,POLLA,VIA ANNIA N. 1,84035,SCUOLA PRIMO GRADO,NORMALE,standard,1,0,62,62,0.561,35,27,0.564516,1,24,0,17,3,62,0,1
202425,statale,SAMM87203C,AULETTA,SAIC872009,I.O.C. POLLA,SCUOLA SECONDARIA I GRADO,1,SUD,CAMPANIA,SALERNO,A495,AULETTA,VIA LARGO CAPPELLI,84031,SCUOLA PRIMO GRADO,NORMALE,standard,1,0,16,16,0.561,9,7,0.562500,1,6,0,5,1,16,0,1
202425,statale,SAMM87201A,"POLLA ""E.DE AMICIS""",SAIC872009,I.O.C. POLLA,SCUOLA SECONDARIA I GRADO,2,SUD,CAMPANIA,SALERNO,G793,POLLA,VIA ANNIA N. 1,84035,SCUOLA PRIMO GRADO,NORMALE,standard,1,0,45,45,0.561,25,20,0.555556,1,17,0,12,2,45,0,1
202425,paritaria,AVTFV2500P,Bruno Amirante - Ist Tecnico-set Tecnologico-ind Meccanica Meccatronica Energia,,,SCUOLA SECONDARIA II GRADO,1,SUD,CAMPANIA,AVELLINO,H592,ROTONDI,via Strada Provinciale 7 137,83017,SCUOLA SEC. SECONDO GRADO NON STATALE,NON DISPONIBILE (PARITARIA),standard,1,4,16,20,0.707,11,9,0.550000,1,8,0,5,1,20,0,1
202425,statale,SAMM87202B,CAGGIANO,SAIC872009,I.O.C. POLLA,SCUOLA SECONDARIA I GRADO,1,SUD,CAMPANIA,SALERNO,B351,CAGGIANO,VIA CAFARO FORTUNATO 3,84030,SCUOLA PRIMO GRADO,NORMALE,standard,1,0,20,20,0.561,11,9,0.550000,1,8,0,5,1,20,0,1
202425,paritaria,NA1E1M500R,SCUOLA PRIMARIA ORIENTALE,,,SCUOLA PRIMARIA,4,SUD,CAMPANIA,NAPOLI,F839,NAPOLI,VIA E. GIANTURCO 54/B,80146,SCUOLA PRIMARIA NON STATALE,NON DISPONIBILE (PARITARIA),standard,1,0,11,11,0.505,6,5,0.545455,1,4,0,3,1,11,0,1
202425,statale,SAEE87201B,POLLA CAP.P.P.,SAIC872009,I.O.C. POLLA,SCUOLA PRIMARIA,4,SUD,CAMPANIA,SALERNO,G793,POLLA,VIA A. ISOLDI N.1,84035,SCUOLA PRIMARIA,NORMALE,standard,1,0,11,11,0.505,6,5,0.545455,1,4,0,3,1,11,0,1
202425,statale,SAMM87202B,CAGGIANO,SAIC872009,I.O.C. POLLA,SCUOLA SECONDARIA I GRADO,2,SUD,CAMPANIA,SALERNO,B351,CAGGIANO,VIA CAFARO FORTUNATO 3,84030,SCUOLA PRIMO GRADO,NORMALE,standard,1,0,24,24,0.561,13,11,0.541667,1,9,0,6,1,24,0,1
202425,paritaria,NA1E1M500R,SCUOLA PRIMARIA ORIENTALE,,,SCUOLA PRIMARIA,1,SUD,CAMPANIA,NAPOLI,F839,NAPOLI,VIA E. GIANTURCO 54/B,80146,SCUOLA PRIMARIA NON STATALE,NON DISPONIBILE (PARITARIA),standard,1,0,13,13,0.505,7,6,0.538462,1,5,0,4,1,13,0,1
202425,paritaria,NA1E1M500R,SCUOLA PRIMARIA ORIENTALE,,,SCUOLA PRIMARIA,5,SUD,CAMPANIA,NAPOLI,F839,NAPOLI,VIA E. GIANTURCO 54/B,80146,SCUOLA PRIMARIA NON STATALE,NON DISPONIBILE (PARITARIA),standard,1,0,13,13,0.505,7,6,0.538462,1,5,0,4,1,13,0,1
202425,statale,SAEE87202C,S. PIETRO,SAIC872009,I.O.C. POLLA,SCUOLA PRIMARIA,3,SUD,CAMPANIA,SALERNO,G793,POLLA,VIA GARIBALDI,84035,SCUOLA PRIMARIA,NORMALE,standard,1,0,13,13,0.505,7,6,0.538462,1,5,0,4,1,13,0,1
202425,statale,SAEE87201B,POLLA CAP.P.P.,SAIC872009,I.O.C. POLLA,SCUOLA PRIMARIA,1,SUD,CAMPANIA,SALERNO,G793,POLLA,VIA A. ISOLDI N.1,84035,SCUOLA PRIMARIA,NORMALE,standard,1,0,17,17,0.505,9,8,0.529412,1,6,0,4,1,17,0,1
202425,paritaria,NAPS5M500T,INTERNATIONAL SCHOOL OF LAGO PATRIA,,,SCUOLA SECONDARIA II GRADO,3,SUD,CAMPANIA,NAPOLI,E054,GIUGLIANO IN CAMPANIA,VIA I TRAVERSA MARENOLA 17,80014,SCUOLA SEC. SECONDO GRADO NON STATALE,NON DISPONIBILE (PARITARIA),standard,1,5,14,19,0.707,10,9,0.526316,1,7,0,5,1,19,0,1
202425,statale,SAEE87206L,AULETTA CAP.,SAIC872009,I.O.C. POLLA,SCUOLA PRIMARIA,4,SUD,CAMPANIA,SALERNO,A495,AULETTA,VIA LARGO CAPPELLI,84031,SCUOLA PRIMARIA,NORMALE,standard,1,1,27,28,0.505,14,14,0.500000,1,8,0,6,2,28,0,1
202425,statale,SAEE87201B,POLLA CAP.P.P.,SAIC872009,I.O.C. POLLA,SCUOLA PRIMARIA,3,SUD,CAMPANIA,SALERNO,G793,POLLA,VIA A. ISOLDI N.1,84035,SCUOLA PRIMARIA,NORMALE,standard,1,0,18,18,0.505,9,9,0.500000,1,6,0,4,1,18,0,1
202425,statale,SAEE87204E,CAGGIANO CAP,SAIC872009,I.O.C. POLLA,SCUOLA PRIMARIA,1,SUD,CAMPANIA,SALERNO,B351,CAGGIANO,VIA CAFARO FORTUNATO 1,84030,SCUOLA PRIMARIA,NORMALE,standard,1,0,20,20,0.505,10,10,0.500000,1,6,0,4,1,20,0,1
202425,statale,SAEE87202C,S. PIETRO,SAIC872009,I.O.C. POLLA,SCUOLA PRIMARIA,2,SUD,CAMPANIA,SALERNO,G793,POLLA,VIA GARIBALDI,84035,SCUOLA PRIMARIA,NORMALE,standard,1,0,16,16,0.505,8,8,0.500000,1,5,0,4,1,16,0,1
202425,statale,SAEE87202C,S. PIETRO,SAIC872009,I.O.C. POLLA,SCUOLA PRIMARIA,4,SUD,CAMPANIA,SALERNO,G793,POLLA,VIA GARIBALDI,84035,SCUOLA PRIMARIA,NORMALE,standard,1,0,16,16,0.505,8,8,0.500000,1,5,0,4,1,16,0,1
202425,paritaria,NA1E1M500R,SCUOLA PRIMARIA ORIENTALE,,,SCUOLA PRIMARIA,2,SUD,CAMPANIA,NAPOLI,F839,NAPOLI,VIA E. GIANTURCO 54/B,80146,SCUOLA PRIMARIA NON STATALE,NON DISPONIBILE (PARITARIA),standard,1,0,12,12,0.505,6,6,0.500000,1,4,0,3,1,12,0,1
202425,paritaria,NA1M26500L,INTERNATIONAL SCHOOL OF LAGO PATRIA BY CHILDHOOD EDUCATION,,,SCUOLA SECONDARIA I GRADO,3,SUD,CAMPANIA,NAPOLI,E054,GIUGLIANO IN CAMPANIA,VIA I TRAVERSA MARENOLA N. 17,80014,SCUOLA SEC. PRIMO GRADO NON STATALE,NON DISPONIBILE (PARITARIA),standard,1,2,12,14,0.561,7,7,0.500000,1,4,0,3,1,14,0,1
202425,statale,SAEE87201B,POLLA CAP.P.P.,SAIC872009,I.O.C. POLLA,SCUOLA PRIMARIA,2,SUD,CAMPANIA,SALERNO,G793,POLLA,VIA A. ISOLDI N.1,84035,SCUOLA PRIMARIA,NORMALE,standard,1,0,14,14,0.505,7,7,0.500000,1,4,0,3,1,14,0,1
202425,statale,SAEE87206L,AULETTA CAP.,SAIC872009,I.O.C. POLLA,SCUOLA PRIMARIA,1,SUD,CAMPANIA,SALERNO,A495,AULETTA,VIA LARGO CAPPELLI,84031,SCUOLA PRIMARIA,NORMALE,standard,1,0,14,14,0.505,7,7,0.500000,1,4,0,3,1,14,0,1
202425,paritaria,RGPL025009,LICEO LINGUISTICO PARITARIO LANZA,,,SCUOLA SECONDARIA II GRADO,1,ISOLE,SICILIA,RAGUSA,M088,VITTORIA,STRADA STATALE PER SCOGLITTI N.88,97019,SCUOLA SEC. SECONDO GRADO NON STATALE,NON DISPONIBILE (PARITARIA),standard,1,2,8,10,0.654,5,5,0.500000,1,3,0,2,1,10,0,1
202425,statale,RGTD03002X,SEZ.STACCATA ITC BESTA RAGUSA,RGTD03000T,F. BESTA,SCUOLA SECONDARIA II GRADO,2,ISOLE,SICILIA,RAGUSA,I178,SANTA CROCE CAMERINA,VIA F.LLI CERVI,97017,ISTITUTO TECNICO COMMERCIALE,NORMALE,standard,1,3,7,10,0.654,5,5,0.500000,1,3,0,2,1,10,0,1
202425,statale,SAEE87204E,CAGGIANO CAP,SAIC872009,I.O.C. POLLA,SCUOLA PRIMARIA,2,SUD,CAMPANIA,SALERNO,B351,CAGGIANO,VIA CAFARO FORTUNATO 1,84030,SCUOLA PRIMARIA,NORMALE,standard,1,0,10,10,0.505,5,5,0.500000,1,3,0,2,1,10,0,1
202425,statale,SAEE87204E,CAGGIANO CAP,SAIC872009,I.O.C. POLLA,SCUOLA PRIMARIA,3,SUD,CAMPANIA,SALERNO,B351,CAGGIANO,VIA CAFARO FORTUNATO 1,84030,SCUOLA PRIMARIA,NORMALE,standard,1,0,10,10,0.505,5,5,0.500000,1,3,0,2,1,10,0,1
202425,statale,SAMM87201A,"POLLA ""E.DE AMICIS""",SAIC872009,I.O.C. POLLA,SCUOLA SECONDARIA I GRADO,3,SUD,CAMPANIA,SALERNO,G793,POLLA,VIA ANNIA N. 1,84035,SCUOLA PRIMO GRADO,NORMALE,standard,1,10,58,68,0.561,33,35,0.485294,1,18,0,13,3,68,0,1
202425,statale,SAEE87202C,S. PIETRO,SAIC872009,I.O.C. POLLA,SCUOLA PRIMARIA,1,SUD,CAMPANIA,SALERNO,G793,POLLA,VIA GARIBALDI,84035,SCUOLA PRIMARIA,NORMALE,standard,1,1,20,21,0.505,10,11,0.476190,1,6,0,4,1,21,0,1
202425,statale,SAEE87204E,CAGGIANO CAP,SAIC872009,I.O.C. POLLA,SCUOLA PRIMARIA,4,SUD,CAMPANIA,SALERNO,B351,CAGGIANO,VIA CAFARO FORTUNATO 1,84030,SCUOLA PRIMARIA,NORMALE,standard,1,1,20,21,0.505,10,11,0.476190,1,6,0,4,1,21,0,1
202425,statale,CSRA073014,I.P.S.S.A.S.R. -ISTITUTO PROFESSIONALE,CSIS073004,IIS CS IPSIA-LS-ITE ROGL-IPSSAR SCIGLIAN,SCUOLA SECONDARIA II GRADO,1,SUD,CALABRIA,COSENZA,D290,SCIGLIANO,VIA SANTA LUCIA -FRAZ. SERRA,87057,IST PROF PER L'AGRICOLTURA E L'AMBIENTE,NORMALE,standard,1,6,11,17,0.733,8,9,0.470588,1,5,0,3,1,17,0,1
202425,paritaria,NA1E1M500R,SCUOLA PRIMARIA ORIENTALE,,,SCUOLA PRIMARIA,3,SUD,CAMPANIA,NAPOLI,F839,NAPOLI,VIA E. GIANTURCO 54/B,80146,SCUOLA PRIMARIA NON STATALE,NON DISPONIBILE (PARITARIA),standard,1,1,12,13,0.505,6,7,0.461538,1,3,0,3,1,13,0,1
202425,statale,SAEE87206L,AULETTA CAP.,SAIC872009,I.O.C. POLLA,SCUOLA PRIMARIA,3,SUD,CAMPANIA,SALERNO,A495,AULETTA,VIA LARGO CAPPELLI,84031,SCUOLA PRIMARIA,NORMALE,standard,1,1,12,13,0.505,6,7,0.461538,1,3,0,3,1,13,0,1
202425,statale,FGMM856026,SCUOLA I GRADO BORGO MEZZANONE,FGIC856004,"I.C. ""ALFIERI - GARIBALDI""",SCUOLA SECONDARIA I GRADO,1,SUD,PUGLIA,FOGGIA,E885,MANFREDONIA,VIA TRATTURO DEL CARMINE,Non Disponibile,SCUOLA PRIMO GRADO,NORMALE,standard,1,2,9,11,0.516,5,6,0.454545,1,3,0,2,1,11,0,1
202425,statale,RGTD03002X,SEZ.STACCATA ITC BESTA RAGUSA,RGTD03000T,F. BESTA,SCUOLA SECONDARIA II GRADO,4,ISOLE,SICILIA,RAGUSA,I178,SANTA CROCE CAMERINA,VIA F.LLI CERVI,97017,ISTITUTO TECNICO COMMERCIALE,NORMALE,standard,1,3,8,11,0.654,5,6,0.454545,1,3,0,2,1,11,0,1
202425,statale,SAEE87206L,AULETTA CAP.,SAIC872009,I.O.C. POLLA,SCUOLA PRIMARIA,2,SUD,CAMPANIA,SALERNO,A495,AULETTA,VIA LARGO CAPPELLI,84031,SCUOLA PRIMARIA,NORMALE,standard,1,1,10,11,0.505,5,6,0.454545,1,3,0,2,1,11,0,1
202425,paritaria,NA1E18100V,IINTERNATIONAL SCHOOL S.R.L. IMPRESA SOCIALE,,,SCUOLA PRIMARIA,5,SUD,CAMPANIA,NAPOLI,E054,GIUGLIANO IN CAMPANIA,VIA I TRAV. MARENOLA 17,80014,SCUOLA PRIMARIA NON STATALE,NON DISPONIBILE (PARITARIA),standard,1,4,23,27,0.505,12,15,0.444444,1,6,0,4,1,27,0,1
202425,paritaria,NA1E18100V,IINTERNATIONAL SCHOOL S.R.L. IMPRESA SOCIALE,,,SCUOLA PRIMARIA,1,SUD,CAMPANIA,NAPOLI,E054,GIUGLIANO IN CAMPANIA,VIA I TRAV. MARENOLA 17,80014,SCUOLA PRIMARIA NON STATALE,NON DISPONIBILE (PARITARIA),standard,1,4,15,19,0.505,8,11,0.421053,1,4,0,3,1,19,0,1
202425,statale,KREE80402B,SC.ELEMENTARE CAPOL.,KRIC804008,I.C. ROCCA DI NETO,SCUOLA PRIMARIA,5,SUD,CALABRIA,CROTONE,H403,ROCCA DI NETO,VIA SANTA MARIA,88821,SCUOLA PRIMARIA,NORMALE,standard,1,3,9,12,0.513,5,7,0.416667,1,2,0,2,1,12,0,1
202425,statale,RCEE82907R,DON TEODORO RIGITANO CAMINI,RCIC82900C,MONASTERACE-RIACE-STILO-BIVONGI,SCUOLA PRIMARIA,2,SUD,CALABRIA,REGGIO CALABRIA,B481,CAMINI,VIA NUOVA,89040,SCUOLA PRIMARIA,NORMALE,standard,1,2,10,12,0.513,5,7,0.416667,1,2,0,2,1,12,0,1
202425,statale,CRTF008012,"I.T. ""A. STRADIVARI""",CRIS00800D,"""ANTONIO STRADIVARI""",SCUOLA SECONDARIA II GRADO,4,NORD OVEST,LOMBARDIA,CREMONA,D150,CREMONA,VIA COLLETTA5,26100,ISTITUTO TECNICO INDUSTRIALE,NORMALE,standard,1,3,26,29,0.455,12,17,0.413793,1,5,0,4,2,29,0,1
202425,statale,COPM02000B,LICEO TERESA CICERI,COPM02000B,LICEO TERESA CICERI,SCUOLA SECONDARIA II GRADO,4,NORD OVEST,LOMBARDIA,COMO,C933,COMO,VIA CARDUCCI 9,22100,ISTITUTO MAGISTRALE,NORMALE,standard,1,22,208,230,0.455,95,135,0.413043,1,38,0,26,11,230,0,1
202425,paritaria,NA1E064008,ENTE RELIGIOSO SUORE DEGLI ANGELI - SANTA RITA ALLA SALUTE,,,SCUOLA PRIMARIA,4,SUD,CAMPANIA,NAPOLI,F839,NAPOLI,VIA R.M.IMBRIANI 55,80136,SCUOLA PRIMARIA NON STATALE,NON DISPONIBILE (PARITARIA),standard,1,3,14,17,0.505,7,10,0.411765,1,3,0,2,1,17,0,1
202425,statale,RGTD03002X,SEZ.STACCATA ITC BESTA RAGUSA,RGTD03000T,F. BESTA,SCUOLA SECONDARIA II GRADO,1,ISOLE,SICILIA,RAGUSA,I178,SANTA CROCE CAMERINA,VIA F.LLI CERVI,97017,ISTITUTO TECNICO COMMERCIALE,NORMALE,standard,1,12,20,32,0.654,13,19,0.406250,1,5,0,4,2,32,0,1
202425,statale,COPM02000B,LICEO TERESA CICERI,COPM02000B,LICEO TERESA CICERI,SCUOLA SECONDARIA II GRADO,3,NORD OVEST,LOMBARDIA,COMO,C933,COMO,VIA CARDUCCI 9,22100,ISTITUTO MAGISTRALE,NORMALE,standard,1,25,190,215,0.455,86,129,0.400000,1,31,0,22,11,215,0,1
202425,paritaria,NA1E214001,SALVATORE BELLO SOCIETA' COOP. A R.L.,,,SCUOLA PRIMARIA,1,SUD,CAMPANIA,NAPOLI,M280,TRECASE,VIA CAPITANO REA 139,80040,SCUOLA PRIMARIA NON STATALE,NON DISPONIBILE (PARITARIA),standard,1,4,11,15,0.505,6,9,0.400000,1,3,0,2,1,15,0,1
202425,paritaria,NA1E214001,SALVATORE BELLO SOCIETA' COOP. A R.L.,,,SCUOLA PRIMARIA,2,SUD,CAMPANIA,NAPOLI,M280,TRECASE,VIA CAPITANO REA 139,80040,SCUOLA PRIMARIA NON STATALE,NON DISPONIBILE (PARITARIA),standard,1,4,11,15,0.505,6,9,0.400000,1,3,0,2,1,15,0,1
202425,paritaria,CETD15500D,MATER DOMINI,,,SCUOLA SECONDARIA II GRADO,2,SUD,CAMPANIA,CASERTA,A512,AVERSA,VIA ABENAVOLO 10,81031,SCUOLA SEC. SECONDO GRADO NON STATALE,NON DISPONIBILE (PARITARIA),standard,1,5,5,10,0.707,4,6,0.400000,1,2,0,1,1,10,0,1
202425,paritaria,NA1E00400L,ENTE RELIGIOSO MONSIGNOR EDOARDO FABOZZI,,,SCUOLA PRIMARIA,3,SUD,CAMPANIA,NAPOLI,F839,NAPOLI,CASA MARIO PEPE - SALITA TARSIA 62,80134,SCUOLA PRIMARIA NON STATALE,NON DISPONIBILE (PARITARIA),standard,1,3,7,10,0.505,4,6,0.400000,1,2,0,1,1,10,0,1
202425,paritaria,NA1E064008,ENTE RELIGIOSO SUORE DEGLI ANGELI - SANTA RITA ALLA SALUTE,,,SCUOLA PRIMARIA,1,SUD,CAMPANIA,NAPOLI,F839,NAPOLI,VIA R.M.IMBRIANI 55,80136,SCUOLA PRIMARIA NON STATALE,NON DISPONIBILE (PARITARIA),standard,1,2,8,10,0.505,4,6,0.400000,1,2,0,1,1,10,0,1
202425,paritaria,NAPS5M500T,INTERNATIONAL SCHOOL OF LAGO PATRIA,,,SCUOLA SECONDARIA II GRADO,4,SUD,CAMPANIA,NAPOLI,E054,GIUGLIANO IN CAMPANIA,VIA I TRAVERSA MARENOLA 17,80014,SCUOLA SEC. SECONDO GRADO NON STATALE,NON DISPONIBILE (PARITARIA),standard,1,4,6,10,0.707,4,6,0.400000,1,2,0,1,1,10,0,1
202425,statale,NASL051019,"LICEO ARTISTICO "" CASANOVA""",NAIS051002,I.S. CASANOVA-NAPOLI-,SCUOLA SECONDARIA II GRADO,2,SUD,CAMPANIA,NAPOLI,F839,NAPOLI,Non Disponibile,Non Disponibile,LICEO ARTISTICO,NORMALE,standard,1,5,5,10,0.707,4,6,0.400000,1,2,0,1,1,10,0,1
202425,statale,RCEE82907R,DON TEODORO RIGITANO CAMINI,RCIC82900C,MONASTERACE-RIACE-STILO-BIVONGI,SCUOLA PRIMARIA,1,SUD,CALABRIA,REGGIO CALABRIA,B481,CAMINI,VIA NUOVA,89040,SCUOLA PRIMARIA,NORMALE,standard,1,3,7,10,0.513,4,6,0.400000,1,2,0,1,1,10,0,1
202425,statale,MEEE86204L,VILLAGGIO ALDISIO,MEIC86200B,"N.4 ""G.LEOPARDI""ME",SCUOLA PRIMARIA,4,ISOLE,SICILIA,MESSINA,F158,MESSINA,VIA ANDREA DI ANFUSO,98147,SCUOLA PRIMARIA,NORMALE,standard,1,1,32,33,0.418,13,20,0.393939,1,5,0,4,3,33,0,1
202425,statale,MEEE86204L,VILLAGGIO ALDISIO,MEIC86200B,"N.4 ""G.LEOPARDI""ME",SCUOLA PRIMARIA,3,ISOLE,SICILIA,MESSINA,F158,MESSINA,VIA ANDREA DI ANFUSO,98147,SCUOLA PRIMARIA,NORMALE,standard,1,3,33,36,0.418,14,22,0.388889,1,5,0,4,2,36,0,1
202425,paritaria,NA1E01000X,ENTE RELIGIOSO ISTITUTO FIGLIE DI S.ANNA CARDINALE URSI,,,SCUOLA PRIMARIA,4,SUD,CAMPANIA,NAPOLI,F839,NAPOLI,VIA ANNUNZIATA 43/48,80139,SCUOLA PRIMARIA NON STATALE,NON DISPONIBILE (PARITARIA),standard,1,4,14,18,0.505,7,11,0.388889,1,3,0,2,1,18,0,1
202425,paritaria,NA1MU75009,ISTITUTO PARITARIO MATERDEI,,,SCUOLA SECONDARIA I GRADO,3,SUD,CAMPANIA,NAPOLI,F839,NAPOLI,VIA GIACONO LEOPARDI 101,80100,SCUOLA SEC. PRIMO GRADO NON STATALE,NON DISPONIBILE (PARITARIA),standard,1,6,12,18,0.561,7,11,0.388889,1,3,0,2,1,18,0,1
202425,statale,NAPS052018,"LS.""SERRA"" NAPOLI",NAIS05200T,I.S.I.S. ANTONIO SERRA- NAPOLI-,SCUOLA SECONDARIA II GRADO,2,SUD,CAMPANIA,NAPOLI,F839,NAPOLI,VIA TRINITA' DELLE MONACHE 2,80134,LICEO SCIENTIFICO,NORMALE,standard,1,6,7,13,0.707,5,8,0.384615,1,2,0,2,1,13,0,1
202425,paritaria,NAPS5M500T,INTERNATIONAL SCHOOL OF LAGO PATRIA,,,SCUOLA SECONDARIA II GRADO,1,SUD,CAMPANIA,NAPOLI,E054,GIUGLIANO IN CAMPANIA,VIA I TRAVERSA MARENOLA 17,80014,SCUOLA SEC. SECONDO GRADO NON STATALE,NON DISPONIBILE (PARITARIA),standard,1,7,9,16,0.707,6,10,0.375000,1,2,0,2,1,16,0,1
202425,statale,SREE85103E,"I.C. ""F. D'AMICO"" ROSOLINI",SRIC85100A,"I.C. ""F. D'AMICO"" ROSOLINI",SCUOLA PRIMARIA,1,ISOLE,SICILIA,SIRACUSA,H574,ROSOLINI,PLESSO S. CUORE - VIA ALIGHIERI 138,96019,SCUOLA PRIMARIA,NORMALE,standard,1,2,14,16,0.418,6,10,0.375000,1,2,0,2,1,16,0,1
202425,statale,SAEE83902R,ANGELO PATRI - AVERSANA,SAIC83900N,"I.C. ""S. PENNA"" BATTIPAGLIA",SCUOLA PRIMARIA,2,SUD,CAMPANIA,SALERNO,A717,BATTIPAGLIA,VIA AVERSANA,84091,SCUOLA PRIMARIA,NORMALE,standard,1,5,14,19,0.505,7,12,0.368421,1,2,0,2,1,19,0,1
202425,paritaria,LT1MZZ500E,C.P.I.A. Lenola,,,SCUOLA SECONDARIA I GRADO,1,CENTRO,LAZIO,LATINA,E527,LENOLA,VIA SANTA CROCE 16,04025,SCUOLA SEC. PRIMO GRADO NON STATALE,NON DISPONIBILE (PARITARIA),standard,1,0,30,30,0.354,11,19,0.366667,1,3,0,2,1,30,0,1
202425,statale,CTEE8AH02N,I.C. CAPUANA,CTIC8AH00E,VESPUCCI - CAPUANA PIRANDELLO,SCUOLA PRIMARIA,1,ISOLE,SICILIA,CATANIA,C351,CATANIA,VIA ETNEA 133,95124,SCUOLA PRIMARIA,NORMALE,standard,1,3,19,22,0.418,8,14,0.363636,1,2,0,2,1,22,0,1
202425,statale,CTEE8AH02N,I.C. CAPUANA,CTIC8AH00E,VESPUCCI - CAPUANA PIRANDELLO,SCUOLA PRIMARIA,2,ISOLE,SICILIA,CATANIA,C351,CATANIA,VIA ETNEA 133,95124,SCUOLA PRIMARIA,NORMALE,standard,1,4,18,22,0.418,8,14,0.363636,1,2,0,2,1,22,0,1
202425,paritaria,NA1E18100V,IINTERNATIONAL SCHOOL S.R.L. IMPRESA SOCIALE,,,SCUOLA PRIMARIA,2,SUD,CAMPANIA,NAPOLI,E054,GIUGLIANO IN CAMPANIA,VIA I TRAV. MARENOLA 17,80014,SCUOLA PRIMARIA NON STATALE,NON DISPONIBILE (PARITARIA),standard,1,6,16,22,0.505,8,14,0.363636,1,2,0,2,1,22,0,1
202425,statale,CHTD07000B,"ISTITUTO OMNICOMPRENSIVO ""G. SPATARO""",CHTD07000B,"ISTITUTO OMNICOMPRENSIVO ""G. SPATARO""",SCUOLA SECONDARIA II GRADO,2,SUD,ABRUZZO,CHIETI,E052,GISSI,VIA PROVINCIALE,66052,ISTITUTO TECNICO COMMERCIALE,NORMALE,standard,1,4,7,11,0.577,4,7,0.363636,1,1,0,1,1,11,0,1
202425,statale,MTEE83503D,"""RODARI""-METAPONTO BERNALDA",MTIC835009,"I.C. ""PITAGORA"" - BERNALDA",SCUOLA PRIMARIA,1,SUD,BASILICATA,MATERA,A801,BERNALDA,VIA ORAZIO FLACCO,75012,SCUOLA PRIMARIA,NORMALE,standard,1,2,9,11,0.497,4,7,0.363636,1,1,0,1,1,11,0,1
202425,paritaria,NA1E081002,MONTESSORI SCHOOL,,,SCUOLA PRIMARIA,1,SUD,CAMPANIA,NAPOLI,G964,POZZUOLI,VIA MONTENUOVO L/P 105D,80078,SCUOLA PRIMARIA NON STATALE,NON DISPONIBILE (PARITARIA),standard,1,4,7,11,0.505,4,7,0.363636,1,1,0,1,1,11,0,1
202425,statale,SAEE83902R,ANGELO PATRI - AVERSANA,SAIC83900N,"I.C. ""S. PENNA"" BATTIPAGLIA",SCUOLA PRIMARIA,4,SUD,CAMPANIA,SALERNO,A717,BATTIPAGLIA,VIA AVERSANA,84091,SCUOLA PRIMARIA,NORMALE,standard,1,3,8,11,0.505,4,7,0.363636,1,1,0,1,1,11,0,1
202425,paritaria,NA1M26500L,INTERNATIONAL SCHOOL OF LAGO PATRIA BY CHILDHOOD EDUCATION,,,SCUOLA SECONDARIA I GRADO,2,SUD,CAMPANIA,NAPOLI,E054,GIUGLIANO IN CAMPANIA,VIA I TRAVERSA MARENOLA N. 17,80014,SCUOLA SEC. PRIMO GRADO NON STATALE,NON DISPONIBILE (PARITARIA),standard,1,10,18,28,0.561,10,18,0.357143,1,3,0,2,1,28,0,1
202425,paritaria,FG1E016002,S. VINCENZO,,,SCUOLA PRIMARIA,3,SUD,PUGLIA,FOGGIA,C514,CERIGNOLA,PIAZZA DUOMO 8,71042,SCUOLA PRIMARIA NON STATALE,NON DISPONIBILE (PARITARIA),standard,1,3,11,14,0.416,5,9,0.357143,1,2,0,1,1,14,0,1
202425,statale,PVMM821028,FERMI - SANTA GIULETTA,PVIC821006,IC BRONI - PAOLO BAFFI,SCUOLA SECONDARIA I GRADO,1,NORD OVEST,LOMBARDIA,PAVIA,I203,SANTA GIULETTA,VIA MARCONI 30,27046,SCUOLA PRIMO GRADO,NORMALE,standard,1,1,13,14,0.347,5,9,0.357143,1,2,0,1,1,14,0,1
202425,statale,RCRC034013,IPSCT SEZ. ASS. I.I.S. BOCCIONI/FERMI,RCIS034004,POLO TECNICO PROF. RIGHI-BOCCIONI/FERMI,SCUOLA SECONDARIA II GRADO,2,SUD,CALABRIA,REGGIO CALABRIA,H224,REGGIO DI CALABRIA,VIA ITRIA ANGOLO VIA MESSINA SNC,89129,IST PROF PER I SERVIZI COMMERCIALI E TURISTICI,NORMALE,standard,1,7,7,14,0.733,5,9,0.357143,1,2,0,1,1,14,0,1
202425,statale,MTRI01801B,"I.P.IND.E ART. ""PITAGORA"" -POLICORO",MTIS01800Q,"I.I.S. ""POLICORO - TURSI""",SCUOLA SECONDARIA II GRADO,1,SUD,BASILICATA,MATERA,G786,POLICORO,VIA PUGLIA 24,75025,IST PROF INDUSTRIA E ARTIGIANATO,NORMALE,standard,1,27,24,51,0.767,18,33,0.352941,1,4,0,3,3,51,0,1
202425,paritaria,NA1E01000X,ENTE RELIGIOSO ISTITUTO FIGLIE DI S.ANNA CARDINALE URSI,,,SCUOLA PRIMARIA,5,SUD,CAMPANIA,NAPOLI,F839,NAPOLI,VIA ANNUNZIATA 43/48,80139,SCUOLA PRIMARIA NON STATALE,NON DISPONIBILE (PARITARIA),standard,1,6,11,17,0.505,6,11,0.352941,1,2,0,1,1,17,0,1
202425,statale,RGEE833034,RAGUSA CENTRALE ECCE HOMO,RGIC83300X,I.C. PALAZZELLO - VANN'ANTO',SCUOLA PRIMARIA,3,ISOLE,SICILIA,RAGUSA,H163,RAGUSA,VIA ECCE HOMO 88,97100,SCUOLA PRIMARIA,NORMALE,standard,1,2,15,17,0.418,6,11,0.352941,1,2,0,1,1,17,0,1
202425,statale,TPEE81801L,"PLESSO ""LIVATINO""",TPIC81800E,"I.C.""L. PIRANDELLO - S.G.BOSCO""",SCUOLA PRIMARIA,3,ISOLE,SICILIA,TRAPANI,B521,CAMPOBELLO DI MAZARA,VIA GUERRAZZI S.N.C.,91021,SCUOLA PRIMARIA,NORMALE,standard,1,3,14,17,0.418,6,11,0.352941,1,2,0,1,1,17,0,1
202425,statale,MIRI07401R,I.P. - MARELLI DUDOVICH,MIIS074005,IIS MARELLI DUDOVICH,SCUOLA SECONDARIA II GRADO,2,NORD OVEST,LOMBARDIA,MILANO,F205,MILANO,VIA LIVIGNO 11,20158,IST PROF INDUSTRIA E ARTIGIANATO,NORMALE,standard,1,13,47,60,0.455,21,39,0.350000,1,5,0,3,3,60,0,1
202425,statale,NAEE8ER03L,NA IC 10 LEVI - 19/0,NAIC8ER00C,NA - I.C. 10 ILARIA ALPI-LEVI,SCUOLA PRIMARIA,1,SUD,CAMPANIA,NAPOLI,F839,NAPOLI,ZONA 167,80144,SCUOLA PRIMARIA,NORMALE,standard,1,7,13,20,0.505,7,13,0.350000,1,2,0,1,1,20,0,1
202425,statale,RGEE81501C,FODERA',RGIC81500A,GIANNI RODARI - SAN BIAGIO,SCUOLA PRIMARIA,3,ISOLE,SICILIA,RAGUSA,M088,VITTORIA,VIA PADRE LUIGI LA NUZA N. 1,97019,SCUOLA PRIMARIA,NORMALE,standard,1,4,16,20,0.418,7,13,0.350000,1,2,0,1,1,20,0,1
202425,paritaria,LT1MZZ500E,C.P.I.A. Lenola,,,SCUOLA SECONDARIA I GRADO,3,CENTRO,LAZIO,LATINA,E527,LENOLA,VIA SANTA CROCE 16,04025,SCUOLA SEC. PRIMO GRADO NON STATALE,NON DISPONIBILE (PARITARIA),standard,1,0,43,43,0.354,15,28,0.348837,1,3,0,3,2,43,0,1
202425,paritaria,MIRF6M5002,ODONTOTECNICO CASATI,,,SCUOLA SECONDARIA II GRADO,5,NORD OVEST,LOMBARDIA,MILANO,F205,MILANO,VIA MONTECUCCOLI 44,20147,SCUOLA SEC. SECONDO GRADO NON STATALE,NON DISPONIBILE (PARITARIA),standard,1,6,20,26,0.455,9,17,0.346154,1,2,0,2,1,26,0,1
202425,statale,CRTF008012,"I.T. ""A. STRADIVARI""",CRIS00800D,"""ANTONIO STRADIVARI""",SCUOLA SECONDARIA II GRADO,1,NORD OVEST,LOMBARDIA,CREMONA,D150,CREMONA,VIA COLLETTA5,26100,ISTITUTO TECNICO INDUSTRIALE,NORMALE,standard,1,8,21,29,0.455,10,19,0.344828,1,2,0,2,1,29,0,1
202425,statale,CRTF008012,"I.T. ""A. STRADIVARI""",CRIS00800D,"""ANTONIO STRADIVARI""",SCUOLA SECONDARIA II GRADO,3,NORD OVEST,LOMBARDIA,CREMONA,D150,CREMONA,VIA COLLETTA5,26100,ISTITUTO TECNICO INDUSTRIALE,NORMALE,standard,1,7,22,29,0.455,10,19,0.344828,1,2,0,2,2,29,0,1
202425,statale,MCRI01002A,"""F. CORRIDONI""",MCRI010008,"""F. CORRIDONI""",SCUOLA SECONDARIA II GRADO,1,CENTRO,MARCHE,MACERATA,E783,MACERATA,VIA GASPARRINI,62100,IST PROF INDUSTRIA E ARTIGIANATO,NORMALE,standard,1,20,41,61,0.520,21,40,0.344262,1,4,0,3,2,61,0,1
202425,statale,PAMM813011,MADRE TERESA DI CALCUTTA,PAIC81300X,I.C.PEREZ-M.TERESA DI CALCUTTA,SCUOLA SECONDARIA I GRADO,3,ISOLE,SICILIA,PALERMO,G273,PALERMO,VIA FIUME 14,90133,SCUOLA PRIMO GRADO,NORMALE,standard,1,20,41,61,0.502,21,40,0.344262,1,4,0,3,4,61,0,1
202425,statale,RGEE833034,RAGUSA CENTRALE ECCE HOMO,RGIC83300X,I.C. PALAZZELLO - VANN'ANTO',SCUOLA PRIMARIA,4,ISOLE,SICILIA,RAGUSA,H163,RAGUSA,VIA ECCE HOMO 88,97100,SCUOLA PRIMARIA,NORMALE,standard,1,7,28,35,0.418,12,23,0.342857,1,3,0,2,2,35,0,1
202425,statale,MIRI07401R,I.P. - MARELLI DUDOVICH,MIIS074005,IIS MARELLI DUDOVICH,SCUOLA SECONDARIA II GRADO,4,NORD OVEST,LOMBARDIA,MILANO,F205,MILANO,VIA LIVIGNO 11,20158,IST PROF INDUSTRIA E ARTIGIANATO,NORMALE,standard,1,10,31,41,0.455,14,27,0.341463,1,3,0,2,2,41,0,1
202425,statale,MTTF018018,"I.TEC.IND. ""PITAGORA"" -POLICORO",MTIS01800Q,"I.I.S. ""POLICORO - TURSI""",SCUOLA SECONDARIA II GRADO,2,SUD,BASILICATA,MATERA,G786,POLICORO,VIA PUGLIA 24,75025,ISTITUTO TECNICO INDUSTRIALE,NORMALE,standard,1,30,23,53,0.767,18,35,0.339623,1,3,0,3,4,53,0,1
202425,statale,NUEE871019,"DORGALI - ""G.M.GISELLU""",NUIC871007,"DORGALI - ""G.M. GISELLU""",SCUOLA PRIMARIA,3,ISOLE,SARDEGNA,NUORO,D345,DORGALI,VIA LAMARMORA,08022,SCUOLA PRIMARIA,NORMALE,standard,1,4,32,36,0.370,12,24,0.333333,1,2,0,2,2,36,0,1
202425,statale,PAEE813012,I.C. PEREZ/M.T.D. CALC-V. FIUME,PAIC81300X,I.C.PEREZ-M.TERESA DI CALCUTTA,SCUOLA PRIMARIA,1,ISOLE,SICILIA,PALERMO,G273,PALERMO,VIA FIUME 14,90133,SCUOLA PRIMARIA,NORMALE,standard,1,7,26,33,0.418,11,22,0.333333,1,2,0,2,2,33,0,1
202425,statale,ANEE81804G,"ANCONA ""L. DA VINCI""",ANIC81800A,ANCONA - POSATORA PIANO ARCHI,SCUOLA PRIMARIA,4,CENTRO,MARCHE,ANCONA,A271,ANCONA,VIA MARCONI 133,60125,SCUOLA PRIMARIA,NORMALE,standard,1,1,20,21,0.328,7,14,0.333333,1,1,0,1,1,21,0,1
202425,statale,CBTD003015,"ITE ""SILVIO DI LALLA"" - CASACALENDA",CBIS00300V,"IST OMNI STATALE ""SILVIO DI LALLA""",SCUOLA SECONDARIA II GRADO,1,SUD,MOLISE,CAMPOBASSO,B858,CASACALENDA,VIA A. DE GASPERI N. 22,86043,ISTITUTO TECNICO COMMERCIALE,NORMALE,standard,1,9,9,18,0.721,6,12,0.333333,1,1,0,1,1,18,0,1
202425,paritaria,CE1E05000C,ISTITUTO SCOLASTICO GIARDINO D'INFANZIA,,,SCUOLA PRIMARIA,1,SUD,CAMPANIA,CASERTA,M260,CASAPESENNA,VIA NICOLA FABOZZI 69,81030,SCUOLA PRIMARIA NON STATALE,NON DISPONIBILE (PARITARIA),standard,1,5,7,12,0.505,4,8,0.333333,1,1,0,1,1,12,0,1
202425,statale,CRTF008012,"I.T. ""A. STRADIVARI""",CRIS00800D,"""ANTONIO STRADIVARI""",SCUOLA SECONDARIA II GRADO,2,NORD OVEST,LOMBARDIA,CREMONA,D150,CREMONA,VIA COLLETTA5,26100,ISTITUTO TECNICO INDUSTRIALE,NORMALE,standard,1,3,9,12,0.455,4,8,0.333333,1,1,0,1,1,12,0,1
202425,statale,CRTF008012,"I.T. ""A. STRADIVARI""",CRIS00800D,"""ANTONIO STRADIVARI""",SCUOLA SECONDARIA II GRADO,5,NORD OVEST,LOMBARDIA,CREMONA,D150,CREMONA,VIA COLLETTA5,26100,ISTITUTO TECNICO INDUSTRIALE,NORMALE,standard,1,4,11,15,0.455,5,10,0.333333,1,1,0,1,2,15,0,1
202425,statale,CSEE82210G,CASSANO IC-SIENA,CSIC822003,IC LAUROPOLI-SIBARI-CASSANO J.,SCUOLA PRIMARIA,3,SUD,CALABRIA,COSENZA,C002,CASSANO ALL'IONIO,VIA SIENA,87011,SCUOLA PRIMARIA,NORMALE,standard,1,5,7,12,0.513,4,8,0.333333,1,1,0,1,1,12,0,1
202425,statale,CSEE83202R,SAN GIORGIO ALBANESE - CENTRO,CSIC83200N,IC SAN DEMETRIO CORONE,SCUOLA PRIMARIA,1,SUD,CALABRIA,COSENZA,H881,SAN GIORGIO ALBANESE,VIA FONTANA,87060,SCUOLA PRIMARIA,NORMALE,standard,1,5,7,12,0.513,4,8,0.333333,1,1,0,1,1,12,0,1
202425,statale,CTEE8AH02N,I.C. CAPUANA,CTIC8AH00E,VESPUCCI - CAPUANA PIRANDELLO,SCUOLA PRIMARIA,4,ISOLE,SICILIA,CATANIA,C351,CATANIA,VIA ETNEA 133,95124,SCUOLA PRIMARIA,NORMALE,standard,1,3,12,15,0.418,5,10,0.333333,1,1,0,1,1,15,0,1
202425,statale,FGEE856038,S. E. BORGO MEZZONONE,FGIC856004,"I.C. ""ALFIERI - GARIBALDI""",SCUOLA PRIMARIA,2,SUD,PUGLIA,FOGGIA,E885,MANFREDONIA,BORGATA MEZZANONE FRAZ.DI MANFREDONIA,71043,SCUOLA PRIMARIA,NORMALE,standard,1,3,9,12,0.416,4,8,0.333333,1,1,0,1,1,12,0,1
202425,statale,LETD03101L,"ISTITUTO TECNICO ECONOMICO ""A. DE PACE""",LEIS03100A,"I.I.S.S. ""A. DE PACE""",SCUOLA SECONDARIA II GRADO,3,SUD,PUGLIA,LECCE,E506,LECCE,VIALE MARCHE,73100,ISTITUTO TECNICO COMMERCIALE,NORMALE,standard,1,5,7,12,0.641,4,8,0.333333,1,1,0,1,1,12,0,1
202425,statale,MTMM83404N,"""GIOVANNI XXIII""- ROTONDELLA",MTIC83400D,"I.C. ""VALSINNI - TURSI""",SCUOLA SECONDARIA I GRADO,1,SUD,BASILICATA,MATERA,H591,ROTONDELLA,VIA PASCOLI 12,75026,SCUOLA PRIMO GRADO,NORMALE,standard,1,5,7,12,0.628,4,8,0.333333,1,1,0,1,1,12,0,1
202425,paritaria,NA1E214001,SALVATORE BELLO SOCIETA' COOP. A R.L.,,,SCUOLA PRIMARIA,5,SUD,CAMPANIA,NAPOLI,M280,TRECASE,VIA CAPITANO REA 139,80040,SCUOLA PRIMARIA NON STATALE,NON DISPONIBILE (PARITARIA),standard,1,5,7,12,0.505,4,8,0.333333,1,1,0,1,1,12,0,1
202425,statale,NAEE8GK044,SAN GENNARO VES. I.C. - SOMMESE,NAIC8GK00V,S. GENNARO IC COZZOLINO-D'AVINO,SCUOLA PRIMARIA,4,SUD,CAMPANIA,NAPOLI,H860,SAN GENNARO VESUVIANO,VIA SOMMESE,80040,SCUOLA PRIMARIA,NORMALE,standard,1,6,9,15,0.505,5,10,0.333333,1,1,0,1,1,15,0,1
202425,paritaria,PDPSA0500O,"""SVILUPPO E ISTRUZIONE CULTURA ITALO-CINESE""",,,SCUOLA SECONDARIA II GRADO,1,NORD EST,VENETO,PADOVA,G224,PADOVA,VIA CALLEGARI 6,35100,SCUOLA SEC. SECONDO GRADO NON STATALE,NON DISPONIBILE (PARITARIA),standard,1,2,10,12,0.410,4,8,0.333333,1,1,0,1,1,12,0,1
202425,statale,RCTN042017,ITT M. DI GIOIOSA ASS. I.I.S. ZANOTTI BI,RCIS042003,POLO TEC.-PROF. DEA PERSEFONE-ZANOTTI BI,SCUOLA SECONDARIA II GRADO,3,SUD,CALABRIA,REGGIO CALABRIA,E956,MARINA DI GIOIOSA IONICA,VIA GIACOMO MATTEOTTI47,89046,ISTITUTO TECNICO PER IL TURISMO,NORMALE,standard,1,7,5,12,0.733,4,8,0.333333,1,1,0,1,1,12,0,1
202425,paritaria,RM1E077009,SCUOLA ELEM.PARIF. SACRO CUORE,,,SCUOLA PRIMARIA,4,CENTRO,LAZIO,ROMA,H501,ROMA,VIA ISABELLA DE ROSIS 8,00177,SCUOLA PRIMARIA NON STATALE,NON DISPONIBILE (PARITARIA),standard,1,0,12,12,0.294,4,8,0.333333,1,1,0,1,1,12,0,1
202425,statale,SAEE83902R,ANGELO PATRI - AVERSANA,SAIC83900N,"I.C. ""S. PENNA"" BATTIPAGLIA",SCUOLA PRIMARIA,1,SUD,CAMPANIA,SALERNO,A717,BATTIPAGLIA,VIA AVERSANA,84091,SCUOLA PRIMARIA,NORMALE,standard,1,6,12,18,0.505,6,12,0.333333,1,1,0,1,1,18,0,1
202425,statale,SAEE83902R,ANGELO PATRI - AVERSANA,SAIC83900N,"I.C. ""S. PENNA"" BATTIPAGLIA",SCUOLA PRIMARIA,5,SUD,CAMPANIA,SALERNO,A717,BATTIPAGLIA,VIA AVERSANA,84091,SCUOLA PRIMARIA,NORMALE,standard,1,5,7,12,0.505,4,8,0.333333,1,1,0,1,1,12,0,1
202425,statale,SPEE81405C,"""E. DE AMICIS""",SPIC814006,ISTITUTO COMPRENSIVO N.1,SCUOLA PRIMARIA,5,NORD OVEST,LIGURIA,LA SPEZIA,E463,LA SPEZIA,VIA NAPOLI 79-142,19100,SCUOLA PRIMARIA,NORMALE,standard,1,1,17,18,0.346,6,12,0.333333,1,1,0,1,1,18,0,1
202425,statale,SREE85103E,"I.C. ""F. D'AMICO"" ROSOLINI",SRIC85100A,"I.C. ""F. D'AMICO"" ROSOLINI",SCUOLA PRIMARIA,2,ISOLE,SICILIA,SIRACUSA,H574,ROSOLINI,PLESSO S. CUORE - VIA ALIGHIERI 138,96019,SCUOLA PRIMARIA,NORMALE,standard,1,3,12,15,0.418,5,10,0.333333,1,1,0,1,1,15,0,1
202425,statale,MIRI072015,I.P. - SEVERI CORRENTI,MIIS07200D,F. SEVERI - C. CORRENTI,SCUOLA SECONDARIA II GRADO,2,NORD OVEST,LOMBARDIA,MILANO,F205,MILANO,VIA ALCUINO 4,20149,IST PROF INDUSTRIA E ARTIGIANATO,NORMALE,standard,1,29,80,109,0.455,36,73,0.330275,1,5,0,4,4,109,0,1
202425,statale,FETD00101Q,IST. TEC. ECON. E TECNOL.- PORTOMAGGIORE,FEIS00100D,IST. ISTRUZ. SUP. 'RITA LEVI MONTALCINI',SCUOLA SECONDARIA II GRADO,1,NORD EST,EMILIA ROMAGNA,FERRARA,G916,PORTOMAGGIORE,PIAZZALE DEGLI STUDENTI 4,44015,ISTITUTO TECNICO COMMERCIALE,NORMALE,standard,1,18,34,52,0.491,17,35,0.326923,1,2,0,2,2,52,0,1
202425,statale,MITF07401N,I.T. TECNOLOGICO - E. MARELLI DUDOVICH,MIIS074005,IIS MARELLI DUDOVICH,SCUOLA SECONDARIA II GRADO,2,NORD OVEST,LOMBARDIA,MILANO,F205,MILANO,VIA LIVIGNO 11,20158,ISTITUTO TECNICO INDUSTRIALE,NORMALE,standard,1,8,23,31,0.455,10,21,0.322581,1,1,0,1,2,31,0,1
202425,statale,PORC00601V,IST. PROF. PER I SERV. COM. P. DAGOMARI,POIS00600X,IIS P. DAGOMARI,SCUOLA SECONDARIA II GRADO,4,CENTRO,TOSCANA,PRATO,G999,PRATO,VIA DI REGGIANA 86,59100,IST PROF PER I SERVIZI COMMERCIALI,NORMALE,standard,1,8,20,28,0.449,9,19,0.321429,1,1,0,1,2,28,0,1
202425,statale,BORI024013,"IST.PROF.LE ""MALPIGHI"" - ODONTOTECNICO",BOIS02400B,IIS MALPIGHI,SCUOLA SECONDARIA II GRADO,2,NORD EST,EMILIA ROMAGNA,BOLOGNA,A944,BOLOGNA,VIA MARCO POLO N. 20/2,40131,IST PROF INDUSTRIA E ARTIGIANATO,NORMALE,standard,1,16,31,47,0.491,15,32,0.319149,1,2,0,1,2,47,0,1
202425,statale,AGEE85701T,CRISPI,AGIC85700Q,IC - FRANCESCO CRISPI,SCUOLA PRIMARIA,4,ISOLE,SICILIA,AGRIGENTO,H269,RIBERA,PIAZZA GIULIO CESARE 1,92016,SCUOLA PRIMARIA,NORMALE,standard,1,6,16,22,0.418,7,15,0.318182,1,1,0,1,2,22,0,1
202425,paritaria,NA1E18100V,IINTERNATIONAL SCHOOL S.R.L. IMPRESA SOCIALE,,,SCUOLA PRIMARIA,3,SUD,CAMPANIA,NAPOLI,E054,GIUGLIANO IN CAMPANIA,VIA I TRAV. MARENOLA 17,80014,SCUOLA PRIMARIA NON STATALE,NON DISPONIBILE (PARITARIA),standard,1,9,13,22,0.505,7,15,0.318182,1,1,0,1,1,22,0,1
202425,statale,PSRI00401E,"IST. PROF.IND. E ART. ""G.CELLI""",PSIS00400V,OMNICOMPRENSIVO CELLI-MICHELINI TOCCI,SCUOLA SECONDARIA II GRADO,1,CENTRO,MARCHE,PESARO E URBINO,B352,CAGLI,VIA GIOVANNI SANTI 23,61043,IST PROF INDUSTRIA E ARTIGIANATO,NORMALE,standard,1,8,14,22,0.520,7,15,0.318182,1,1,0,1,1,22,0,1
202425,statale,RGEE833034,RAGUSA CENTRALE ECCE HOMO,RGIC83300X,I.C. PALAZZELLO - VANN'ANTO',SCUOLA PRIMARIA,2,ISOLE,SICILIA,RAGUSA,H163,RAGUSA,VIA ECCE HOMO 88,97100,SCUOLA PRIMARIA,NORMALE,standard,1,5,17,22,0.418,7,15,0.318182,1,1,0,1,1,22,0,1
202425,statale,NATF05101E,"I.T.I.S ""CASANOVA""",NAIS051002,I.S. CASANOVA-NAPOLI-,SCUOLA SECONDARIA II GRADO,1,SUD,CAMPANIA,NAPOLI,F839,NAPOLI,P.TTA CASANOVA N.4,80134,ISTITUTO TECNICO INDUSTRIALE,NORMALE,standard,1,23,18,41,0.707,13,28,0.317073,1,1,0,1,2,41,0,1
202425,statale,MTTF018018,"I.TEC.IND. ""PITAGORA"" -POLICORO",MTIS01800Q,"I.I.S. ""POLICORO - TURSI""",SCUOLA SECONDARIA II GRADO,1,SUD,BASILICATA,MATERA,G786,POLICORO,VIA PUGLIA 24,75025,ISTITUTO TECNICO INDUSTRIALE,NORMALE,standard,1,45,31,76,0.767,24,52,0.315789,1,2,0,2,4,76,0,1
202425,paritaria,NA1M26500L,INTERNATIONAL SCHOOL OF LAGO PATRIA BY CHILDHOOD EDUCATION,,,SCUOLA SECONDARIA I GRADO,1,SUD,CAMPANIA,NAPOLI,E054,GIUGLIANO IN CAMPANIA,VIA I TRAVERSA MARENOLA N. 17,80014,SCUOLA SEC. PRIMO GRADO NON STATALE,NON DISPONIBILE (PARITARIA),standard,1,9,10,19,0.561,6,13,0.315789,1,1,0,1,1,19,0,1
202425,statale,RGRI01301E,"I.P.S.I.A. ""G. FERRARIS""",RGIS01300V,GALILEO FERRARIS,SCUOLA SECONDARIA II GRADO,3,ISOLE,SICILIA,RAGUSA,H163,RAGUSA,VIA NICCOLO' TOMMASEO5,97100,IST PROF INDUSTRIA E ARTIGIANATO,NORMALE,standard,1,10,9,19,0.654,6,13,0.315789,1,1,0,1,1,19,0,1
202425,statale,PAEE813012,I.C. PEREZ/M.T.D. CALC-V. FIUME,PAIC81300X,I.C.PEREZ-M.TERESA DI CALCUTTA,SCUOLA PRIMARIA,4,ISOLE,SICILIA,PALERMO,G273,PALERMO,VIA FIUME 14,90133,SCUOLA PRIMARIA,NORMALE,standard,1,9,26,35,0.418,11,24,0.314286,1,1,0,1,2,35,0,1
202425,statale,MEEE86204L,VILLAGGIO ALDISIO,MEIC86200B,"N.4 ""G.LEOPARDI""ME",SCUOLA PRIMARIA,1,ISOLE,SICILIA,MESSINA,F158,MESSINA,VIA ANDREA DI ANFUSO,98147,SCUOLA PRIMARIA,NORMALE,standard,1,8,24,32,0.418,10,22,0.312500,1,1,0,1,2,32,0,1
202425,statale,PGRC120003,GIANO DELL'UMBRIA,PGRC120003,GIANO DELL'UMBRIA,SCUOLA SECONDARIA II GRADO,5,CENTRO,UMBRIA,PERUGIA,E012,GIANO DELL'UMBRIA,VIA OLINDO VERNOCCHI,06030,IST PROF PER I SERVIZI COMMERCIALI,NORMALE,standard,1,4,12,16,0.416,5,11,0.312500,1,1,0,1,1,16,0,1
202425,statale,RGTD03002X,SEZ.STACCATA ITC BESTA RAGUSA,RGTD03000T,F. BESTA,SCUOLA SECONDARIA II GRADO,3,ISOLE,SICILIA,RAGUSA,I178,SANTA CROCE CAMERINA,VIA F.LLI CERVI,97017,ISTITUTO TECNICO COMMERCIALE,NORMALE,standard,1,9,7,16,0.654,5,11,0.312500,1,1,0,1,1,16,0,1
202425,paritaria,RM1E077009,SCUOLA ELEM.PARIF. SACRO CUORE,,,SCUOLA PRIMARIA,5,CENTRO,LAZIO,ROMA,H501,ROMA,VIA ISABELLA DE ROSIS 8,00177,SCUOLA PRIMARIA NON STATALE,NON DISPONIBILE (PARITARIA),standard,1,0,16,16,0.294,5,11,0.312500,1,1,0,1,1,16,0,1
202425,statale,SAEE8AP053,PISCIOTTA CAP.P.P.,SAIC8AP00R,IC SPERANZA-LETTIERI CENTOLA,SCUOLA PRIMARIA,1,SUD,CAMPANIA,SALERNO,G707,PISCIOTTA,VIA N. INFANTE,84066,SCUOLA PRIMARIA,NORMALE,standard,1,7,9,16,0.505,5,11,0.312500,1,1,0,1,1,16,0,1
202425,statale,SPRC007027,IPSCT L.EINAUDI,SPIS007007,"""L. EINAUDI / CHIODO""",SCUOLA SECONDARIA II GRADO,2,NORD OVEST,LIGURIA,LA SPEZIA,E463,LA SPEZIA,VIA LAMARMORA 32,19122,IST PROF PER I SERVIZI COMMERCIALI E TURISTICI,NORMALE,standard,1,7,9,16,0.536,5,11,0.312500,1,1,0,1,1,16,0,1
202425,statale,MIRI072015,I.P. - SEVERI CORRENTI,MIIS07200D,F. SEVERI - C. CORRENTI,SCUOLA SECONDARIA II GRADO,3,NORD OVEST,LOMBARDIA,MILANO,F205,MILANO,VIA ALCUINO 4,20149,IST PROF INDUSTRIA E ARTIGIANATO,NORMALE,standard,1,34,72,106,0.455,33,73,0.311321,1,2,0,2,5,106,0,1
202425,statale,MIRI07401R,I.P. - MARELLI DUDOVICH,MIIS074005,IIS MARELLI DUDOVICH,SCUOLA SECONDARIA II GRADO,1,NORD OVEST,LOMBARDIA,MILANO,F205,MILANO,VIA LIVIGNO 11,20158,IST PROF INDUSTRIA E ARTIGIANATO,NORMALE,standard,1,15,30,45,0.455,14,31,0.311111,1,1,0,1,2,45,0,1
202425,statale,ANMM81801B,"ANCONA ""PODESTI""",ANIC81800A,ANCONA - POSATORA PIANO ARCHI,SCUOLA SECONDARIA I GRADO,1,CENTRO,MARCHE,ANCONA,A271,ANCONA,VIA URBINO 22,60126,SCUOLA PRIMO GRADO,NORMALE,standard,1,8,50,58,0.364,18,40,0.310345,1,1,0,1,3,58,0,1
202425,statale,MORI002014,PRIMO LEVI,MOIS00200C,PRIMO LEVI,SCUOLA SECONDARIA II GRADO,1,NORD EST,EMILIA ROMAGNA,MODENA,L885,VIGNOLA,VIA DELLA RESISTENZA 800,41058,IST PROF INDUSTRIA E ARTIGIANATO,NORMALE,standard,1,22,36,58,0.491,18,40,0.310345,1,1,0,1,2,58,0,1
202425,statale,ANEE82405X,"FALCONARA ""LEOPARDI""",ANIC82400N,"""R SANZIO-FALCONARA CENTRO""",SCUOLA PRIMARIA,1,CENTRO,MARCHE,ANCONA,D472,FALCONARA MARITTIMA,VIA LEOPARDI 28,60015,SCUOLA PRIMARIA,NORMALE,standard,1,1,12,13,0.328,4,9,0.307692,1,1,0,1,1,13,0,1
202425,statale,ARRI00201C,IST. PROFESSIONALE BUITONI SANSEPOLCRO,ARIS00200R,I.I.S. CITTA' DI SANSEPOLCRO,SCUOLA SECONDARIA II GRADO,1,CENTRO,TOSCANA,AREZZO,I155,SANSEPOLCRO,LARGO MONSIGNOR DI LIEGRO 5,52037,IST PROF INDUSTRIA E ARTIGIANATO,NORMALE,standard,1,3,10,13,0.449,4,9,0.307692,1,1,0,1,1,13,0,1
202425,statale,CEEE8AL04A,VILLAGGIO DEI RAGAZZI PR. T. P.,CEIC8AL005,MADDALONI 2-VALLE DI MADDALONI,SCUOLA PRIMARIA,2,SUD,CAMPANIA,CASERTA,E791,MADDALONI,VIA SAN FRANCESCO D'ASSISI 188,81024,SCUOLA PRIMARIA,NORMALE,standard,1,6,7,13,0.505,4,9,0.307692,1,1,0,1,1,13,0,1
202425,statale,MTEE83405Q,ROTONDELLA-VALSINNI,MTIC83400D,"I.C. ""VALSINNI - TURSI""",SCUOLA PRIMARIA,2,SUD,BASILICATA,MATERA,H591,ROTONDELLA,LARGO PLEBISCITO,75026,SCUOLA PRIMARIA,NORMALE,standard,1,4,9,13,0.497,4,9,0.307692,1,1,0,1,1,13,0,1
202425,paritaria,NA1E00400L,ENTE RELIGIOSO MONSIGNOR EDOARDO FABOZZI,,,SCUOLA PRIMARIA,4,SUD,CAMPANIA,NAPOLI,F839,NAPOLI,CASA MARIO PEPE - SALITA TARSIA 62,80134,SCUOLA PRIMARIA NON STATALE,NON DISPONIBILE (PARITARIA),standard,1,5,8,13,0.505,4,9,0.307692,1,1,0,1,1,13,0,1
202425,statale,NAEE8GK033,SAN GENNARO VES. I.C. GIUGLIANI,NAIC8GK00V,S. GENNARO IC COZZOLINO-D'AVINO,SCUOLA PRIMARIA,1,SUD,CAMPANIA,NAPOLI,H860,SAN GENNARO VESUVIANO,VIA GIUGLIANI,80040,SCUOLA PRIMARIA,NORMALE,standard,1,6,7,13,0.505,4,9,0.307692,1,1,0,1,1,13,0,1
202425,paritaria,PA1M01800L,MARIA SS.DEL ROSARIO,,,SCUOLA SECONDARIA I GRADO,2,ISOLE,SICILIA,PALERMO,G273,PALERMO,V.INGRASSIA 44,90123,SCUOLA SEC. PRIMO GRADO NON STATALE,NON DISPONIBILE (PARITARIA),standard,1,6,7,13,0.502,4,9,0.307692,1,1,0,1,1,13,0,1
202425,statale,RGEE83003L,ISPICA CENTRALE,RGIC83000C,PADRE PIO DA PIETRELCINA,SCUOLA PRIMARIA,5,ISOLE,SICILIA,RAGUSA,E366,ISPICA,VIA IV NOVEMBRE,97014,SCUOLA PRIMARIA,NORMALE,standard,1,8,18,26,0.418,8,18,0.307692,1,1,0,1,1,26,0,1
202425,statale,SAEE83902R,ANGELO PATRI - AVERSANA,SAIC83900N,"I.C. ""S. PENNA"" BATTIPAGLIA",SCUOLA PRIMARIA,3,SUD,CAMPANIA,SALERNO,A717,BATTIPAGLIA,VIA AVERSANA,84091,SCUOLA PRIMARIA,NORMALE,standard,1,6,7,13,0.505,4,9,0.307692,1,1,0,1,1,13,0,1
202425,statale,SARA01010L,IPSASR SARNO,SARA010005,PROFAGRI SALERNO,SCUOLA SECONDARIA II GRADO,1,SUD,CAMPANIA,SALERNO,I438,SARNO,VIA CASANONICA,Non Disponibile,IST PROF PER L'AGRICOLTURA E L'AMBIENTE,NORMALE,standard,1,8,5,13,0.707,4,9,0.307692,1,1,0,1,1,13,0,1
202425,statale,MITN10701B,I.T. ECONOMICO - D. MARIGNONI-M. POLO,MIIS107007,"IIS ""B. CAVALIERI- D. MARIGNONI""",SCUOLA SECONDARIA II GRADO,4,NORD OVEST,LOMBARDIA,MILANO,F205,MILANO,VIA MELZI D'ERIL 9(ORDIN)-VIA DEMOSTENE40(SUCC.),20154,ISTITUTO TECNICO PER IL TURISMO,NORMALE,standard,1,12,24,36,0.455,11,25,0.305556,1,1,0,1,2,36,0,1
202425,statale,SAEE81902G,"""CORNITO"" EBOLI",SAIC81900C,"IC ""VIRGILIO - GONZAGA"" EBOLI",SCUOLA PRIMARIA,2,SUD,CAMPANIA,SALERNO,D390,EBOLI,P.ZZA F.LLI CIANCO,84025,SCUOLA PRIMARIA,NORMALE,standard,1,14,22,36,0.505,11,25,0.305556,1,1,0,1,2,36,0,1
202425,statale,PARC02301N,F. FERRARA,PAIS02300P,F. FERRARA,SCUOLA SECONDARIA II GRADO,1,ISOLE,SICILIA,PALERMO,G273,PALERMO,VIA SGARLATA 11,90133,IST PROF PER I SERVIZI COMMERCIALI,NORMALE,standard,1,13,10,23,0.654,7,16,0.304348,1,1,0,1,1,23,0,1
