codice_comune,comune,provincia,deficit_prima,deficit_corretto,gruppi_con_deficit
F205,MILANO,MILANO,0.0,546.0,9
G999,PRATO,PRATO,0.0,540.0,7
B157,BRESCIA,BRESCIA,0.0,384.0,4
L219,TORINO,TORINO,0.0,381.0,5
G535,PIACENZA,PIACENZA,0.0,362.0,4
F356,MONFALCONE,GORIZIA,0.0,307.0,5
C707,CINISELLO BALSAMO,MILANO,0.0,291.0,3
G686,PIOLTELLO,MILANO,0.0,233.0,3
L736,VENEZIA,VENEZIA,0.0,213.0,5
G337,PARMA,PARMA,0.0,188.0,4
I690,SESTO SAN GIOVANNI,MILANO,0.0,188.0,4
A182,ALESSANDRIA,ALESSANDRIA,0.0,174.0,5
L872,VIGEVANO,PAVIA,0.0,130.0,5
E290,IMPERIA,IMPERIA,0.0,124.0,6
L885,VIGNOLA,MODENA,0.0,113.0,4
A618,BARANZATE,MILANO,0.0,108.0,2
G916,PORTOMAGGIORE,FERRARA,0.0,107.0,3
H223,REGGIO NELL'EMILIA,REGGIO EMILIA,0.0,107.0,4
I849,SORESINA,CREMONA,0.0,99.0,2
H509,ROMANO DI LOMBARDIA,BERGAMO,0.0,97.0,4
E438,LANGHIRANO,PARMA,0.0,95.0,3
F952,NOVARA,NOVARA,0.0,94.0,2
H598,ROVATO,BRESCIA,0.0,84.0,3
L483,UDINE,UDINE,0.0,82.0,3
C261,CASTEL SAN GIOVANNI,PIACENZA,0.0,81.0,3
I274,SANT'ANGELO LODIGIANO,LODI,0.0,79.0,2
A944,BOLOGNA,BOLOGNA,0.0,78.0,4
D815,FUCECCHIO,FIRENZE,0.0,78.0,4
A794,BERGAMO,BERGAMO,0.0,75.0,3
I968,STRADELLA,PAVIA,0.0,74.0,5
I178,SANTA CROCE CAMERINA,RAGUSA,0.0,72.0,3
L781,VERONA,VERONA,0.0,72.0,4
C895,COLOGNO MONZESE,MILANO,0.0,71.0,3
G224,PADOVA,PADOVA,0.0,71.0,1
D045,CORSICO,MILANO,0.0,70.0,2
L356,TRECATE,NOVARA,0.0,68.0,2
L304,TORTONA,ALESSANDRIA,0.0,66.0,3
B201,BRONI,PAVIA,0.0,63.0,2
E987,MARTINENGO,BERGAMO,0.0,63.0,2
F572,MONTEMURLO,PRATO,0.0,63.0,2
I177,SANTA CROCE SULL'ARNO,PISA,0.0,62.0,2
D611,FIORENZUOLA D'ARDA,PIACENZA,0.0,60.0,3
G843,PONTEDERA,PISA,0.0,58.0,1
L826,VIADANA,MANTOVA,0.0,57.0,5
L388,TRESCORE BALNEARIO,BERGAMO,0.0,56.0,3
H930,SAN GIULIANO MILANESE,MILANO,0.0,55.0,1
D612,FIRENZE,FIRENZE,0.0,54.0,4
B910,CASALPUSTERLENGO,LODI,0.0,53.0,2
A561,MONTECATINI-TERME,PISTOIA,0.0,52.0,2
C618,CHIARI,BRESCIA,0.0,49.0,1
D166,CREVALCORE,BOLOGNA,0.0,47.0,4
L840,VICENZA,VICENZA,0.0,46.0,2
B034,FIDENZA,PARMA,0.0,44.0,2
F754,MORTARA,PAVIA,0.0,44.0,2
L400,TREVIGLIO,BERGAMO,0.0,44.0,2
G186,OSTIGLIA,MANTOVA,0.0,43.0,3
I657,SERRAVALLE SCRIVIA,ALESSANDRIA,0.0,42.0,2
B898,CASALMAGGIORE,CREMONA,0.0,41.0,3
D969,GENOVA,GENOVA,0.0,41.0,2
L157,THIENE,VICENZA,0.0,40.0,2
C483,CERANO,NOVARA,0.0,39.0,2
G856,PONTE SAN PIETRO,BERGAMO,0.0,39.0,2
C312,CASTIGLIONE DELLE STIVIERE,MANTOVA,0.0,38.0,2
I965,STRA,VENEZIA,0.0,37.0,2
G353,PASIANO DI PORDENONE,PORDENONE,0.0,36.0,2
I472,SAVIGNANO SUL RUBICONE,FORLI'-CESENA,0.0,36.0,2
E133,GRAMMICHELE,CATANIA,0.0,35.0,2
H835,SAN FELICE SUL PANARO,MODENA,0.0,35.0,2
B025,BORGONOVO VAL TIDONE,PIACENZA,0.0,34.0,3
E463,LA SPEZIA,LA SPEZIA,0.0,34.0,4
M104,VOBARNO,BRESCIA,0.0,34.0,2
D918,GARDONE VAL TROMPIA,BRESCIA,0.0,33.0,3
H183,RAPALLO,GENOVA,0.0,33.0,3
L087,TELGATE,BERGAMO,0.0,33.0,2
C013,PERO,MILANO,0.0,32.0,2
C523,CERNUSCO SUL NAVIGLIO,MILANO,0.0,31.0,1
D542,FERMO,FERMO,0.0,31.0,1
A459,ARZIGNANO,VICENZA,0.0,30.0,2
B395,CALCIO,BERGAMO,0.0,30.0,2
I903,SPILAMBERTO,MODENA,0.0,30.0,2
A241,ALTOPASCIO,LUCCA,0.0,28.0,2
A965,BONDENO,FERRARA,0.0,28.0,3
F464,MONTECCHIO MAGGIORE,VICENZA,0.0,28.0,2
L020,SUZZARA,MANTOVA,0.0,28.0,2
A741,BELGIOIOSO,PAVIA,0.0,27.0,2
B293,BUSSETO,PARMA,0.0,27.0,2
B434,CALUSCO D'ADDA,BERGAMO,0.0,27.0,2
B731,CARAVAGGIO,BERGAMO,0.0,27.0,2
B819,CARPI,MODENA,0.0,27.0,1
E100,GORLAGO,BERGAMO,0.0,27.0,2
I632,SERMIDE E FELONICA,MANTOVA,0.0,27.0,2
I726,SIENA,SIENA,0.0,27.0,2
L752,VERDELLINO,BERGAMO,0.0,27.0,2
C101,CASTELFIORENTINO,FIRENZE,0.0,26.0,3
D450,FABBRICO,REGGIO EMILIA,0.0,26.0,2
E884,MANERBIO,BRESCIA,0.0,26.0,2
E893,MANSUE',TREVISO,0.0,26.0,2
A129,ALBANO SANT'ALESSANDRO,BERGAMO,0.0,25.0,2
B345,CADONEGHE,PADOVA,0.0,25.0,2
G786,POLICORO,MATERA,0.0,25.0,2
B798,CARNATE,MONZA E DELLA BRIANZA,0.0,24.0,2
C003,CASSANO D'ADDA,MILANO,0.0,24.0,2
D150,CREMONA,CREMONA,0.0,24.0,2
E715,LUCCA,LUCCA,0.0,24.0,3
F918,NOGARA,VERONA,0.0,24.0,2
H720,SALSOMAGGIORE TERME,PARMA,0.0,24.0,2
B594,CANELLI,ASTI,0.0,23.0,3
C589,CEVA,CUNEO,0.0,23.0,2
G919,PORTO RECANATI,MACERATA,0.0,23.0,2
A145,ALBENGA,SAVONA,0.0,22.0,2
C207,CASTELMASSA,ROVIGO,0.0,22.0,2
D126,COVO,BERGAMO,0.0,22.0,2
B162,BRESSO,MILANO,0.0,21.0,2
B394,CALCINATO,BRESCIA,0.0,21.0,2
E591,LIMBIATE,MONZA E DELLA BRIANZA,0.0,21.0,2
E783,MACERATA,MACERATA,0.0,21.0,1
F471,MONTICHIARI,BRESCIA,0.0,21.0,2
A393,ARGENTA,FERRARA,0.0,20.0,1
C195,CASTELLUCCHIO,MANTOVA,0.0,20.0,2
C904,COLORNO,PARMA,0.0,20.0,2
C957,CONEGLIANO,TREVISO,0.0,20.0,2
F621,MONTE SAN GIUSTO,MACERATA,0.0,20.0,2
G491,PESCIA,PISTOIA,0.0,20.0,2
G793,POLLA,SALERNO,0.0,20.0,1
H410,ROCCAFRANCA,BRESCIA,0.0,20.0,2
H783,SAN BONIFACIO,VERONA,0.0,20.0,1
I904,SPILIMBERGO,PORDENONE,0.0,20.0,2
C072,CASTELCOVATI,BRESCIA,0.0,19.0,2
D728,FORNOVO DI TARO,PARMA,0.0,19.0,3
E648,LODI,LODI,0.0,19.0,2
F547,MONTELLO,BERGAMO,0.0,19.0,2
I684,SESTO FIORENTINO,FIRENZE,0.0,19.0,1
A569,BAGNOLO MELLA,BRESCIA,0.0,18.0,2
A664,BARIANO,BERGAMO,0.0,18.0,2
C332,CASTREZZATO,BRESCIA,0.0,18.0,2
D251,DARFO BOARIO TERME,BRESCIA,0.0,18.0,2
E723,LUCO DEI MARSI,L'AQUILA,0.0,18.0,1
F240,MIRANDOLA,MODENA,0.0,18.0,3
H199,RAVENNA,RAVENNA,0.0,18.0,1
L994,VILLANTERIO,PAVIA,0.0,18.0,2
M109,VOGHERA,PAVIA,0.0,18.0,3
B947,CASAZZA,BERGAMO,0.0,17.0,2
C052,CASTANO PRIMO,MILANO,0.0,17.0,2
C085,CASTEL DEL PIANO,GROSSETO,0.0,17.0,2
D030,CORNUDA,TREVISO,0.0,17.0,2
D061,CORTEMAGGIORE,PIACENZA,0.0,17.0,3
D680,FONTE,TREVISO,0.0,17.0,1
D915,GARDA,VERONA,0.0,17.0,1
F029,MASSA LOMBARDA,RAVENNA,0.0,17.0,1
G275,PALESTRO,PAVIA,0.0,17.0,2
G840,PONTEDASSIO,IMPERIA,0.0,17.0,2
L117,TERNI,TERNI,0.0,17.0,2
B563,CAMPOSAMPIERO,PADOVA,0.0,16.0,2
C816,CODOGNO,LODI,0.0,16.0,1
M372,CORTEOLONA E GENZONE,PAVIA,0.0,16.0,2
D575,FIESOLE,FIRENZE,0.0,16.0,2
F288,MOLINELLA,BOLOGNA,0.0,16.0,2
G135,ORTE,VITERBO,1.0,16.0,2
I963,STORNARELLA,FOGGIA,0.0,16.0,2
A010,ABBIATEGRASSO,MILANO,0.0,15.0,1
A369,ARCIDOSSO,GROSSETO,0.0,15.0,2
C933,COMO,COMO,0.0,15.0,1
E078,GOITO,MANTOVA,0.0,15.0,2
F921,NOGAROLE ROCCA,VERONA,0.0,15.0,2
G645,PIEVE DI SOLIGO,TREVISO,0.0,15.0,2
G850,PONTELONGO,PADOVA,0.0,15.0,2
H592,ROTONDI,AVELLINO,0.0,15.0,1
A529,AZZANO MELLA,BRESCIA,0.0,14.0,1
A851,BIBBIENA,AREZZO,0.0,14.0,1
B349,CAERANO DI SAN MARCO,TREVISO,0.0,14.0,2
B566,CAMPOSANTO,MODENA,0.0,14.0,2
B817,CARPENEDOLO,BRESCIA,0.0,14.0,2
E512,LEGNAGO,VERONA,0.0,14.0,2
H294,RIMINI,RIMINI,0.0,14.0,1
H449,ROCCASTRADA,GROSSETO,0.0,14.0,2
I048,SANNAZZARO DE' BURGONDI,PAVIA,0.0,14.0,2
I462,SASSUOLO,MODENA,0.0,14.0,1
I628,SERIATE,BERGAMO,0.0,14.0,2
F508,MONTEFORTE D'ALPONE,VERONA,0.0,13.0,2
F870,NERETO,TERAMO,0.0,13.0,1
G026,OLGIATE MOLGORA,LECCO,0.0,13.0,2
I203,SANTA GIULETTA,PAVIA,0.0,13.0,1
I504,SCANSANO,GROSSETO,0.0,13.0,2
B507,CAMPI BISENZIO,FIRENZE,0.0,12.0,1
B801,CAROBBIO DEGLI ANGELI,BERGAMO,0.0,12.0,1
B971,CASIRATE D'ADDA,BERGAMO,0.0,12.0,1
C065,CASTEL BOLOGNESE,RAVENNA,0.0,12.0,1
C730,CISERANO,BERGAMO,0.0,12.0,1
D042,CORRIDONIA,MACERATA,0.0,12.0,1
D403,EMPOLI,FIRENZE,0.0,12.0,3
D599,FINALE EMILIA,MODENA,0.0,12.0,2
F966,NOVI DI MODENA,MODENA,0.0,12.0,2
G393,PAVULLO NEL FRIGNANO,MODENA,0.0,12.0,2
G839,PONTECURONE,ALESSANDRIA,0.0,12.0,2
H500,ROLO,REGGIO EMILIA,0.0,12.0,2
H591,ROTONDELLA,MATERA,0.0,12.0,2
I441,SARONNO,VARESE,0.0,12.0,1
A988,BORETTO,REGGIO EMILIA,0.0,11.0,2
A995,BORGHETTO LODIGIANO,LODI,0.0,11.0,2
B352,CAGLI,PESARO E URBINO,0.0,11.0,1
B393,CALCINATE,BERGAMO,0.0,11.0,2
C172,CASTELLINA IN CHIANTI,SIENA,0.0,11.0,2
C566,CESANO MADERNO,MONZA E DELLA BRIANZA,0.0,11.0,1
C649,CHIUDUNO,BERGAMO,0.0,11.0,1
E012,GIANO DELL'UMBRIA,PERUGIA,0.0,11.0,2
E682,LONIGO,VICENZA,0.0,11.0,1
F238,MIRADOLO TERME,PAVIA,0.0,11.0,2
G161,OSNAGO,LECCO,0.0,11.0,1
G388,PAVIA,PAVIA,0.0,11.0,1
G650,PIEVE PORTO MORONE,PAVIA,0.0,11.0,2
H604,ROVERBELLA,MANTOVA,0.0,11.0,2
I237,SANTA MARIA DELLA VERSA,PAVIA,0.0,11.0,2
I480,SAVONA,SAVONA,0.0,11.0,1
L191,TOLENTINO,MACERATA,0.0,11.0,1
L471,TURBIGO,MILANO,0.0,11.0,2
A475,ASSISI,PERUGIA,0.0,10.0,3
C076,CASTEL D'ARIO,MANTOVA,0.0,10.0,2
C384,CAVASO DEL TOMBA,TREVISO,0.0,10.0,1
C951,CONCORDIA SULLA SECCHIA,MODENA,0.0,10.0,1
D458,FAENZA,RAVENNA,0.0,10.0,1
F351,MONDOVI',CUNEO,0.0,10.0,2
G170,OSPITALETTO,BRESCIA,0.0,10.0,2
H230,REMEDELLO,BRESCIA,0.0,10.0,2
I124,SAN POLO DI PIAVE,TREVISO,0.0,10.0,2
I977,STREVI,ALESSANDRIA,0.0,10.0,1
M280,TRECASE,NAPOLI,0.0,10.0,1
A112,AIRUNO,LECCO,0.0,9.0,2
B423,CALOLZIOCORTE,LECCO,0.0,9.0,1
C113,CASTELFRANCO DI SOTTO,PISA,0.0,9.0,1
C244,CASTELNUOVO DI VAL DI CECINA,PISA,0.0,9.0,1
C573,CESENA,FORLI'-CESENA,0.0,9.0,1
C784,CIVITELLA SAN PAOLO,ROMA,0.0,9.0,2
D013,CORMANO,MILANO,0.0,9.0,1
E651,LODI VECCHIO,LODI,0.0,9.0,1
E922,MARCARIA,MANTOVA,0.0,9.0,2
F846,NARZOLE,CUNEO,0.0,9.0,1
G283,PALMA CAMPANIA,NAPOLI,0.0,9.0,1
G687,PIOMBINO,LIVORNO,0.0,9.0,1
M367,POLESINE ZIBELLO,PARMA,0.0,9.0,2
G852,PONTENURE,PIACENZA,0.0,9.0,2
G867,PONTIROLO NUOVO,BERGAMO,0.0,9.0,2
I110,SAN PIETRO IN CASALE,BOLOGNA,0.0,9.0,1
I155,SANSEPOLCRO,AREZZO,0.0,9.0,1
I535,SCICLI,RAGUSA,0.0,9.0,2
D290,SCIGLIANO,COSENZA,0.0,9.0,1
M325,SISSA TRECASALI,PARMA,0.0,9.0,1
L014,SUSEGANA,TREVISO,0.0,9.0,1
L682,VARESE,VARESE,0.0,9.0,1
L753,VERDELLO,BERGAMO,0.0,9.0,1
M045,VILLONGO,BERGAMO,0.0,9.0,1
A096,AICURZIO,MONZA E DELLA BRIANZA,0.0,8.0,1
A302,ANNONE VENETO,VENEZIA,0.0,8.0,2
A479,ASTI,ASTI,0.0,8.0,1
B044,BORGO TOSSIGNANO,BOLOGNA,0.0,8.0,2
B042,BORGO VAL DI TARO,PARMA,0.0,8.0,2
B137,BREMBATE,BERGAMO,0.0,8.0,1
B332,CADEO,PIACENZA,0.0,8.0,1
B369,CAIRO MONTENOTTE,SAVONA,0.0,8.0,2
B612,CANNETO SULL'OGLIO,MANTOVA,0.0,8.0,1
B703,CAPRIATE SAN GERVASIO,BERGAMO,0.0,8.0,2
B869,CASALBUTTANO ED UNITI,CREMONA,0.0,8.0,2
C079,CASTELLI CALEPIO,BERGAMO,0.0,8.0,2
M323,FISCAGLIA,FERRARA,0.0,8.0,1
D653,FOLIGNO,PERUGIA,0.0,8.0,1
D940,GAVARDO,BRESCIA,0.0,8.0,1
D949,GAZOLDO DEGLI IPPOLITI,MANTOVA,0.0,8.0,2
E001,GHEMME,NOVARA,0.0,8.0,1
E006,GHISALBA,BERGAMO,0.0,8.0,2
E522,LENDINARA,ROVIGO,0.0,8.0,2
E951,MARIANO COMENSE,COMO,0.0,8.0,1
M271,MAZZARRONE,CATANIA,0.0,8.0,1
F219,MINERBIO,BOLOGNA,0.0,8.0,1
F363,MONGHIDORO,BOLOGNA,0.0,8.0,3
F443,MONTEBELLUNA,TREVISO,0.0,8.0,1
F960,NOVELLARA,REGGIO EMILIA,0.0,8.0,1
M266,ORDONA,FOGGIA,0.0,8.0,1
M418,PIADENA DRIZZONA,CREMONA,0.0,8.0,2
G694,PIOVENE ROCCHETTE,VICENZA,0.0,8.0,1
H163,RAGUSA,RAGUSA,0.0,8.0,2
H811,SAN DAMIANO D'ASTI,ASTI,0.0,8.0,2
I138,SANREMO,IMPERIA,0.0,8.0,2
I433,SAREZZO,BRESCIA,0.0,8.0,1
I437,SARNICO,BERGAMO,0.0,8.0,2
I850,SORGA',VERONA,0.0,8.0,1
L346,TRAVERSETOLO,PARMA,0.0,8.0,2
L775,VERNIO,PRATO,0.0,8.0,1
M088,VITTORIA,RAGUSA,0.0,8.0,1
M369,ALTO RENO TERME,BOLOGNA,0.0,7.0,1
A271,ANCONA,ANCONA,0.0,7.0,1
A665,BARICELLA,BOLOGNA,0.0,7.0,2
A779,BENE VAGIENNA,CUNEO,0.0,7.0,2
B496,CAMPAGNANO DI ROMA,ROMA,0.0,7.0,1
B502,CAMPEGINE,REGGIO EMILIA,0.0,7.0,1
C059,CASTELBELFORTE,MANTOVA,0.0,7.0,1
C463,CENGIO,SAVONA,0.0,7.0,2
C777,CIVITELLA DI ROMAGNA,FORLI'-CESENA,0.0,7.0,1
D198,CUGGIONO,MILANO,0.0,7.0,1
D351,DOSOLO,MANTOVA,0.0,7.0,1
D897,GAMBELLARA,VICENZA,0.0,7.0,1
E526,LENO,BRESCIA,0.0,7.0,1
E794,MADONE,BERGAMO,0.0,7.0,1
F088,MEDUNA DI LIVENZA,TREVISO,0.0,7.0,2
F165,MEZZAGO,MONZA E DELLA BRIANZA,0.0,7.0,1
F734,MORLUPO,ROMA,0.0,7.0,1
G233,PAGAZZANO,BERGAMO,0.0,7.0,1
G391,PAVONE DEL MELLA,BRESCIA,0.0,7.0,2
G632,PIEVE DI TECO,IMPERIA,0.0,7.0,1
G846,PONTE DI PIAVE,TREVISO,0.0,7.0,1
G977,PRALBOINO,BRESCIA,0.0,7.0,1
H055,PREVALLE,BRESCIA,0.0,7.0,2
H298,RIO SALICETO,REGGIO EMILIA,0.0,7.0,1
I683,SESTO ED UNITI,CREMONA,0.0,7.0,1
I873,SOVERE,BERGAMO,0.0,7.0,1
I962,STORNARA,FOGGIA,0.0,7.0,2
F260,TAVAZZANO CON VILLAVESCO,LODI,0.0,7.0,2
L429,TRINO,VERCELLI,0.0,7.0,2
L494,URAGO D'OGLIO,BRESCIA,0.0,7.0,2
L667,VAPRIO D'ADDA,MILANO,0.0,7.0,2
L762,VERGATO,BOLOGNA,0.0,7.0,2
L946,VILLAFRANCA IN LUNIGIANA,MASSA-CARRARA,0.0,7.0,2
L985,VILLANOVA DEL GHEBBO,ROVIGO,0.0,7.0,2
A660,BARGE,CUNEO,0.0,6.0,1
A844,BIANDRATE,NOVARA,0.0,6.0,1
M406,BORGOCARBONARA,MANTOVA,0.0,6.0,1
B110,BOZZOLO,MANTOVA,0.0,6.0,2
B141,BREMBIO,LODI,0.0,6.0,1
B402,CALDIERO,VERONA,0.0,6.0,1
B481,CAMINI,REGGIO CALABRIA,0.0,6.0,1
B513,CAMPIONE D'ITALIA,COMO,0.0,6.0,2
B858,CASACALENDA,CAMPOBASSO,0.0,6.0,1
B900,CASALMORANO,CREMONA,0.0,6.0,1
C044,CASTAGNETO CARDUCCI,LIVORNO,0.0,6.0,1
B129,CASTELVERDE,CREMONA,0.0,6.0,1
C759,CIVIDATE AL PIANO,BERGAMO,0.0,6.0,2
C770,CIVITANOVA MARCHE,MACERATA,0.0,6.0,1
D117,COSTA VOLPINO,BERGAMO,0.0,6.0,2
D142,CREMA,CREMONA,0.0,6.0,1
D829,FUSIGNANO,RAVENNA,0.0,6.0,1
D899,GAMBETTOLA,FORLI'-CESENA,0.0,6.0,2
E008,GIACCIANO CON BARUCHELLA,ROVIGO,0.0,6.0,2
E897,MANTOVA,MANTOVA,0.0,6.0,1
E899,MANZANO,UDINE,0.0,6.0,1
F213,MILLESIMO,SAVONA,0.0,6.0,1
F597,MONTERENZIO,BOLOGNA,0.0,6.0,1
F656,MONTEVARCHI,AREZZO,0.0,6.0,2
F671,MONTICELLI D'ONGINA,PIACENZA,0.0,6.0,2
F676,MONTICIANO,SIENA,0.0,6.0,1
F999,ODERZO,TREVISO,0.0,6.0,2
G478,PERUGIA,PERUGIA,0.0,6.0,2
G547,PIANCASTAGNAIO,SIENA,0.0,6.0,1
G707,PISCIOTTA,SALERNO,0.0,6.0,1
G864,PONTIDA,BERGAMO,0.0,6.0,1
G869,PONTOGLIO,BRESCIA,0.0,6.0,2
G994,PRATA DI PORDENONE,PORDENONE,0.0,6.0,2
H468,ROCCHETTA TANARO,ASTI,0.0,6.0,1
H581,ROSSIGLIONE,GENOVA,0.0,6.0,1
M413,SASSOCORVARO AUDITORE,PESARO E URBINO,0.0,6.0,2
I473,SAVIGNANO SUL PANARO,MODENA,0.0,6.0,2
M381,TERRE DEL RENO,FERRARA,0.0,6.0,1
L389,TRESCORE CREMASCO,CREMONA,0.0,6.0,1
L690,VARZI,PAVIA,0.0,6.0,1
L741,VENTIMIGLIA,IMPERIA,0.0,6.0,2
L806,VESCOVATO,CREMONA,0.0,6.0,1
M147,ZANICA,BERGAMO,0.0,6.0,1
M161,ZEME,PAVIA,0.0,6.0,1
A052,ACQUI TERME,ALESSANDRIA,0.0,5.0,2
A076,AGNADELLO,CREMONA,0.0,5.0,1
A304,ANTEGNATE,BERGAMO,0.0,5.0,1
A435,ARQUA' POLESINE,ROVIGO,0.0,5.0,1
A470,ASOLA,MANTOVA,0.0,5.0,1
A539,BADIA POLESINE,ROVIGO,0.0,5.0,3
M402,BORGO VENETO,PADOVA,0.0,5.0,2
B215,BRUGNERA,PORDENONE,0.0,5.0,1
B521,CAMPOBELLO DI MAZARA,TRAPANI,0.0,5.0,1
B573,CANALE,CUNEO,0.0,5.0,1
B587,CANDIA LOMELLINA,PAVIA,0.0,5.0,1
M260,CASAPESENNA,CASERTA,0.0,5.0,1
C153,CASTELLEONE,CREMONA,0.0,5.0,1
C580,CESSALTO,TREVISO,0.0,5.0,1
C627,CHIERI,TORINO,0.0,5.0,1
C637,CHIGNOLO PO,PAVIA,0.0,5.0,1
C782,CIVITELLA PAGANICO,GROSSETO,0.0,5.0,1
C806,COCCAGLIO,BRESCIA,0.0,5.0,2
C814,CODIGORO,FERRARA,0.0,5.0,1
D221,CURNO,BERGAMO,0.0,5.0,1
D673,FONTANELLATO,PARMA,0.0,5.0,1
D920,GARESSIO,CUNEO,0.0,5.0,1
D963,GEMONIO,VARESE,0.0,5.0,2
E261,GUIDIZZOLO,MANTOVA,0.0,5.0,1
E289,IMOLA,BOLOGNA,0.0,5.0,1
E430,LA MORRA,CUNEO,0.0,5.0,1
E473,LATISANA,UDINE,0.0,5.0,1
E626,LIVORNO FERRARIS,VERCELLI,0.0,5.0,1
E975,MARSCIANO,PERUGIA,0.0,5.0,1
F066,MAZZARRA' SANT'ANDREA,MESSINA,0.0,5.0,1
F612,MONTEROTONDO MARITTIMO,GROSSETO,0.0,5.0,1
F902,NIZZA MONFERRATO,ASTI,0.0,5.0,1
G273,PALERMO,PALERMO,0.0,5.0,1
G306,PANDINO,CREMONA,0.0,5.0,1
G516,PETRITOLI,FERMO,0.0,5.0,1
G651,PIEVE SAN GIACOMO,CREMONA,0.0,5.0,1
G682,PIOBBICO,PESARO E URBINO,0.0,5.0,2
G702,PISA,PISA,0.0,5.0,1
G888,PORDENONE,PORDENONE,0.0,5.0,1
H881,SAN GIORGIO ALBANESE,COSENZA,0.0,5.0,1
I612,SENNA LODIGIANA,LODI,0.0,5.0,2
F357,SERRAMAZZONI,MODENA,0.0,5.0,1
I885,SPARANISE,CASERTA,0.0,5.0,1
L183,TIZZANO VAL PARMA,PARMA,0.0,5.0,1
L199,TOMBOLO,PADOVA,0.0,5.0,2
L258,TORRE DE' PICENARDI,CREMONA,0.0,5.0,2
L267,TORRE DI MOSTO,VENEZIA,0.0,5.0,1
L359,TRECENTA,ROVIGO,0.0,5.0,2
D193,VERONELLA,VERONA,0.0,5.0,1
A038,ACQUANEGRA SUL CHIESE,MANTOVA,0.0,4.0,2
A299,ANNICCO,CREMONA,0.0,4.0,1
A439,ARRONE,TERNI,0.0,4.0,1
M335,BELLAGIO,COMO,0.0,4.0,1
A986,BORDOLANO,CREMONA,0.0,4.0,1
M340,BORGO VIRGILIO,MANTOVA,0.0,4.0,1
B499,CAMPAGNOLA EMILIA,REGGIO EMILIA,0.0,4.0,1
B643,CAORSO,PIACENZA,0.0,4.0,2
B669,CAPOLIVERI,LIVORNO,0.0,4.0,1
C004,CASSANO MAGNAGO,VARESE,0.0,4.0,1
C111,CASTELFRANCO VENETO,TREVISO,0.0,4.0,1
C147,CASTELL'AZZARA,GROSSETO,0.0,4.0,1
C215,CASTELNOVO BARIANO,ROVIGO,0.0,4.0,2
C248,CASTELPLANIO,ANCONA,0.0,4.0,1
C521,CERNUSCO LOMBARDONE,LECCO,0.0,4.0,2
C890,COLOGNA VENETA,VERONA,0.0,4.0,1
C925,COMEZZANO-CIZZAGO,BRESCIA,0.0,4.0,1
C958,CONFIENZA,PAVIA,0.0,4.0,1
D270,DELLO,BRESCIA,0.0,4.0,1
D576,FIESSE,BRESCIA,0.0,4.0,1
D672,FONTANELLA,BERGAMO,0.0,4.0,1
D704,FORLI',FORLI'-CESENA,0.0,4.0,1
D878,GALLIERA,BOLOGNA,0.0,4.0,1
E054,GIUGLIANO IN CAMPANIA,NAPOLI,0.0,4.0,1
E132,GRAGNANO TREBBIENSE,PIACENZA,0.0,4.0,1
E153,GRAVELLONA TOCE,VERBANO-CUSIO-OSSOLA,0.0,4.0,1
E169,GREVE IN CHIANTI,FIRENZE,0.0,4.0,1
E272,GUSSOLA,CREMONA,0.0,4.0,2
E320,JOLANDA DI SAVOIA,FERRARA,0.0,4.0,1
E505,LECCE NEI MARSI,L'AQUILA,0.0,4.0,1
E627,LIVRAGA,LODI,0.0,4.0,2
E684,LOREGGIA,PADOVA,0.0,4.0,2
E704,LOVERE,BERGAMO,0.0,4.0,1
E989,MARTINSICURO,TERAMO,0.0,4.0,1
F024,MASSA MARTANA,PERUGIA,0.0,4.0,1
F147,MERI',MESSINA,0.0,4.0,1
F243,MISANO DI GERA D'ADDA,BERGAMO,0.0,4.0,1
F267,MOGLIA,MANTOVA,0.0,4.0,1
F419,MONTALTO DI CASTRO,VITERBO,0.0,4.0,1
F520,MONTEGIORGIO,FERMO,0.0,4.0,1
F642,MONTESE,MODENA,0.0,4.0,1
F677,MONTIERI,GROSSETO,0.0,4.0,1
B012,MOTTEGGIANA,MANTOVA,0.0,4.0,1
F814,MURISENGO,ALESSANDRIA,0.0,4.0,1
F826,MUSILE DI PIAVE,VENEZIA,0.0,4.0,1
G167,OSPEDALETTO EUGANEO,PADOVA,0.0,4.0,1
G196,OULX,TORINO,0.0,4.0,1
G268,PALAZZOLO DELLO STELLA,UDINE,0.0,4.0,1
G649,PIEVEPELAGO,MODENA,0.0,4.0,3
G710,PISOGNE,BRESCIA,0.0,4.0,1
G717,PIUBEGA,MANTOVA,0.0,4.0,1
G765,POGGIO NATIVO,RIETI,0.0,4.0,1
B914,POZZAGLIO ED UNITI,CREMONA,0.0,4.0,1
H010,PRAVISDOMINI,PORDENONE,0.0,4.0,2
H481,RODIGO,MANTOVA,0.0,4.0,1
H502,ROMAGNANO SESIA,NOVARA,0.0,4.0,1
H508,ROMANENGO,CREMONA,0.0,4.0,1
H540,RONCO ALL'ADIGE,VERONA,0.0,4.0,1
H570,ROSIGNANO MARITTIMO,LIVORNO,0.0,4.0,1
H865,SAN GERVASIO BRESCIANO,BRESCIA,0.0,4.0,1
H918,SAN GIOVANNI IN CROCE,CREMONA,0.0,4.0,1
I150,SAN SEBASTIANO CURONE,ALESSANDRIA,0.0,4.0,1
I341,SANT'ILARIO DELLO IONIO,REGGIO CALABRIA,0.0,4.0,2
I938,STANGHELLA,PADOVA,0.0,4.0,1
L024,TAGGIA,IMPERIA,0.0,4.0,1
L188,TODI,PERUGIA,0.0,4.0,1
L279,TORRE SAN PATRIZIO,FERMO,0.0,4.0,1
L466,TUORO SUL TRASIMENO,PERUGIA,0.0,4.0,1
D786,UMBERTIDE,PERUGIA,0.0,4.0,1
L524,VACCARIZZO ALBANESE,COSENZA,0.0,4.0,2
M346,VALVASONE ARZENE,PORDENONE,0.0,4.0,1
L904,VIGUZZOLO,ALESSANDRIA,0.0,4.0,1
L912,VILLA BARTOLOMEA,VERONA,0.0,4.0,1
M144,ZANDOBBIO,BERGAMO,0.0,4.0,1
A390,AREZZO,AREZZO,0.0,3.0,1
A451,ARTOGNE,BRESCIA,0.0,3.0,1
A490,ATTIGLIANO,TERNI,0.0,3.0,2
A607,BANCHETTE,TORINO,0.0,3.0,1
A667,BARISCIANO,L'AQUILA,0.0,3.0,1
B017,BORGO SAN GIOVANNI,LODI,0.0,3.0,1
B152,BRENTINO BELLUNO,VERONA,0.0,3.0,1
B159,BRESSANA BOTTARONE,PAVIA,0.0,3.0,1
B408,CALESTANO,PARMA,0.0,3.0,1
B618,CANONICA D'ADDA,BERGAMO,0.0,3.0,1
B711,CAPRIOLO,BRESCIA,0.0,3.0,1
B795,CARMIGNANO DI BRENTA,PADOVA,0.0,3.0,1
B816,CARPEGNA,PESARO E URBINO,0.0,3.0,1
B892,CASALFIUMANESE,BOLOGNA,0.0,3.0,2
B901,CASALMORO,MANTOVA,0.0,3.0,1
C118,CASTEL GOFFREDO,MANTOVA,0.0,3.0,1
C218,CASTELNOVO DI SOTTO,REGGIO EMILIA,0.0,3.0,1
C315,CASTIGLIONE IN TEVERINA,VITERBO,0.0,3.0,1
C339,CASTROCARO TERME E TERRA DEL S,FORLI'-CESENA,0.0,3.0,1
C376,CAVALLERMAGGIORE,CUNEO,0.0,3.0,1
C438,CELLARENGO,ASTI,0.0,3.0,1
C469,CENTO,FERRARA,0.0,3.0,1
C587,CETONA,SIENA,0.0,3.0,1
C608,CHIANCIANO TERME,SIENA,0.0,3.0,1
C661,CHIUSDINO,SIENA,0.0,3.0,2
C744,CITTA' DELLA PIEVE,PERUGIA,0.0,3.0,1
C963,CONSELICE,RAVENNA,0.0,3.0,1
D156,CRESPADORO,VICENZA,0.0,3.0,1
D297,DIANO MARINA,IMPERIA,0.0,3.0,1
D299,DICOMANO,FIRENZE,0.0,3.0,2
D492,FARA NOVARESE,NOVARA,0.0,3.0,1
D548,FERRARA,FERRARA,0.0,3.0,1
D685,FONTEVIVO,PARMA,0.0,3.0,1
D814,FUBINE MONFERRATO,ALESSANDRIA,0.0,3.0,1
D869,GALLARATE,VARESE,0.0,3.0,1
D981,GERENZANO,VARESE,0.0,3.0,1
E092,GORGO AL MONTICANO,TREVISO,0.0,3.0,1
E116,GOTTOLENGO,BRESCIA,0.0,3.0,1
E238,GUARDAMIGLIO,LODI,0.0,3.0,2
E256,GUBBIO,PERUGIA,0.0,3.0,1
E454,LARDIRAGO,PAVIA,0.0,3.0,1
E574,LICCIANA NARDI,MASSA-CARRARA,0.0,3.0,2
E625,LIVORNO,LIVORNO,0.0,3.0,1
E785,MACERATA FELTRIA,PESARO E URBINO,0.0,3.0,1
E875,MANCIANO,GROSSETO,0.0,3.0,1
E887,MANGO,CUNEO,0.0,3.0,1
F092,MEGLIADINO SAN VITALE,PADOVA,0.0,3.0,2
F190,MIANE,TREVISO,0.0,3.0,1
F316,MOMBERCELLI,ASTI,0.0,3.0,1
F323,MONALE,ASTI,0.0,3.0,1
F738,MORNICO AL SERIO,BERGAMO,0.0,3.0,1
F965,NOVI LIGURE,ALESSANDRIA,0.0,3.0,1
G163,OSOPPO,UDINE,0.0,3.0,2
G164,OSPEDALETTI,IMPERIA,0.0,3.0,1
G166,OSPEDALETTO LODIGIANO,LODI,0.0,3.0,1
G218,PADERNO D'ADDA,LECCO,0.0,3.0,1
G295,PALOSCO,BERGAMO,0.0,3.0,1
G297,PALU',VERONA,0.0,3.0,1
G557,PIANELLO VAL TIDONE,PIACENZA,0.0,3.0,1
G571,PIANSANO,VITERBO,0.0,3.0,1
M422,PIEVE DEL GRAPPA,TREVISO,0.0,3.0,1
G761,POGGIO IMPERIALE,FOGGIA,0.0,3.0,1
G764,POGGIO MOIANO,RIETI,0.0,3.0,1
G782,POLESELLA,ROVIGO,0.0,3.0,1
G826,PONT-CANAVESE,TORINO,0.0,3.0,2
G947,POVIGLIO,REGGIO EMILIA,0.0,3.0,1
H007,PRATOLA PELIGNA,L'AQUILA,0.0,3.0,1
H150,RACCONIGI,CUNEO,0.0,3.0,2
M410,RIVA DEL PO,FERRARA,0.0,3.0,1
H386,ROCCA CANAVESE,TORINO,0.0,3.0,1
H384,ROCCABIANCA,PARMA,1.0,3.0,2
H860,SAN GENNARO VESUVIANO,NAPOLI,0.0,3.0,1
H891,SAN GIORGIO DELLA RICHINVELDA,PORDENONE,0.0,3.0,1
G467,SAN GIOVANNI IN PERSICETO,BOLOGNA,0.0,3.0,1
H949,SAN LEO,RIMINI,0.0,3.0,1
I012,SAN MARTINO IN STRADA,LODI,0.0,3.0,1
B310,SAN PAOLO D'ARGON,BERGAMO,0.0,3.0,1
I089,SAN PIETRO AL TANAGRO,SALERNO,0.0,3.0,1
I607,SENIGA,BRESCIA,0.0,3.0,1
I803,SOLIGNANO,PARMA,0.0,3.0,1
L015,SUSTINENTE,MANTOVA,0.0,3.0,1
L019,SUVERETO,LIVORNO,0.0,3.0,1
L136,TERRAZZO,VERONA,0.0,3.0,1
L276,TORRE PALLAVICINA,BERGAMO,0.0,3.0,1
L539,VAILATE,CREMONA,0.0,3.0,1
L572,VALERA FRATTA,LODI,0.0,3.0,1
L804,VERZUOLO,CUNEO,0.0,3.0,1
L945,VILLAFRANCA D'ASTI,ASTI,0.0,3.0,1
M044,VILLIMPENTA,MANTOVA,0.0,3.0,2
M079,VISTARINO,PAVIA,0.0,3.0,1
A122,ALASSIO,SAVONA,0.0,2.0,1
A188,ALFIANELLO,BRESCIA,0.0,2.0,1
A226,ALTARE,SAVONA,0.0,2.0,1
A366,ARCEVIA,ANCONA,0.0,2.0,1
A429,ARONA,NOVARA,0.0,2.0,1
A440,ARZAGO D'ADDA,BERGAMO,0.0,2.0,1
A467,ASIGLIANO VENETO,VICENZA,0.0,2.0,1
A485,ATESSA,CHIETI,0.0,2.0,1
A588,BALDICHIERI D'ASTI,ASTI,0.0,2.0,1
A697,BASIANO,MILANO,0.0,2.0,1
A712,BASTIDA PANCARANA,PAVIA,0.0,2.0,1
A714,BATTAGLIA TERME,PADOVA,0.0,2.0,1
A799,BERLINGO,BRESCIA,0.0,2.0,1
A964,BONAVIGO,VERONA,0.0,2.0,1
B015,BORGOFRANCO D'IVREA,TORINO,0.0,2.0,1
B107,BOVOLONE,VERONA,0.0,2.0,1
B188,BRISIGHELLA,RAVENNA,0.0,2.0,1
B528,CAMPODIPIETRA,CAMPOBASSO,0.0,2.0,1
C226,CASTELNUOVO BELBO,ASTI,0.0,2.0,1
C236,CASTELNUOVO DI GARFAGNANA,LUCCA,0.0,2.0,1
C286,CASTELVETRANO,TRAPANI,0.0,2.0,1
C498,CEREA,VERONA,0.0,2.0,1
C685,CIGOLE,BRESCIA,0.0,2.0,1
C745,CITTA' DI CASTELLO,PERUGIA,0.0,2.0,1
C817,CODROIPO,UDINE,0.0,2.0,1
C867,COLLERETTO CASTELNUOVO,TORINO,0.0,2.0,1
D011,CORLETO MONFORTE,SALERNO,0.0,2.0,1
D139,CREDARO,BERGAMO,0.0,2.0,1
D226,CURTAROLO,PADOVA,0.0,2.0,1
D934,GATTATICO,REGGIO EMILIA,0.0,2.0,1
D959,GAZZUOLO,MANTOVA,0.0,2.0,1
E349,ISOLA DELLA SCALA,VERONA,0.0,2.0,1
A771,LIZZANO IN BELVEDERE,BOLOGNA,0.0,2.0,1
E654,LOGRATO,BRESCIA,0.0,2.0,1
E726,LUGAGNANO VAL D'ARDA,PIACENZA,0.0,2.0,1
E731,LUGO DI VICENZA,VICENZA,0.0,2.0,1
E834,MAIDA,CATANZARO,0.0,2.0,1
E858,MALGRATE,LECCO,0.0,2.0,1
E883,MANERBA DEL GARDA,BRESCIA,0.0,2.0,1
F311,MOMBARUZZO,ASTI,0.0,2.0,1
F373,MONIGA DEL GARDA,BRESCIA,0.0,2.0,1
F394,MONTAGNANA,PADOVA,0.0,2.0,1
F522,MONTEGRANARO,FERMO,0.0,2.0,1
F527,MONTEGROSSO D'ASTI,ASTI,0.0,2.0,1
F697,MONTOTTONE,FERMO,0.0,2.0,1
F701,MONTU' BECCARIA,PAVIA,0.0,2.0,1
F729,MORIAGO DELLA BATTAGLIA,TREVISO,0.0,2.0,1
F845,NARO,AGRIGENTO,0.0,2.0,1
F893,NICOTERA,VIBO VALENTIA,0.0,2.0,1
G095,ORGIANO,VICENZA,0.0,2.0,1
G115,ORMELLE,TREVISO,0.0,2.0,1
G417,PEGOGNAGA,MANTOVA,0.0,2.0,1
G492,PESCINA,L'AQUILA,0.0,2.0,1
G551,PIANDIMELETO,PESARO E URBINO,0.0,2.0,1
G657,PIEVE TORINA,MACERATA,0.0,2.0,1
G858,PONTESTURA,ALESSANDRIA,0.0,2.0,1
G859,PONTEVICO,BRESCIA,0.0,2.0,1
G933,POSSAGNO,TREVISO,0.0,2.0,1
H063,PRIMALUNA,LECCO,0.0,2.0,1
H247,REVELLO,CUNEO,0.0,2.0,1
H265,RIACE,REGGIO CALABRIA,0.0,2.0,1
H276,RICENGO,CREMONA,0.0,2.0,1
F585,ROSETO DEGLI ABRUZZI,TERAMO,0.0,2.0,1
H710,SALICETO,CUNEO,0.0,2.0,1
H763,SAN BARTOLOMEO AL MARE,IMPERIA,0.0,2.0,1
H781,SAN BIAGIO DI CALLALTA,TREVISO,0.0,2.0,1
H906,SAN GIOVANNI AL NATISONE,UDINE,0.0,2.0,1
I037,SAN MICHELE MONDOVI',CUNEO,0.0,2.0,2
I128,SAN POSSIDONIO,MODENA,0.0,2.0,1
I187,SANTA FIORA,GROSSETO,0.0,2.0,1
I438,SARNO,SALERNO,0.0,2.0,1
I531,SCHIO,VICENZA,0.0,2.0,1
I923,SPONGANO,LECCE,0.0,2.0,1
L299,TORRILE,PARMA,0.0,2.0,1
L426,TRIGOLO,CREMONA,0.0,2.0,2
L469,TURANO LODIGIANO,LODI,0.0,2.0,1
L498,URBANIA,PESARO E URBINO,0.0,2.0,1
L593,VALLE LOMELLINA,PAVIA,0.0,2.0,1
L750,VERCELLI,VERCELLI,0.0,2.0,1
L897,VIGOLZONE,PIACENZA,0.0,2.0,1
L969,VILLA MINOZZO,REGGIO EMILIA,0.0,2.0,1
L995,VILLANUOVA SUL CLISI,BRESCIA,0.0,2.0,1
A014,ACATE,RAGUSA,0.0,1.0,1
A057,ADRARA SAN MARTINO,BERGAMO,0.0,1.0,1
A270,ANCARANO,TERAMO,0.0,1.0,1
A334,APPIGNANO,MACERATA,0.0,1.0,1
A458,ARZERGRANDE,PADOVA,0.0,1.0,1
A481,ATELETA,L'AQUILA,0.0,1.0,1
A536,BADALUCCO,IMPERIA,0.0,1.0,1
A570,BAGNOLO CREMASCO,CREMONA,0.0,1.0,1
A630,BARBARIGA,BRESCIA,0.0,1.0,1
A671,BAROLO,CUNEO,0.0,1.0,1
A703,BASSANO DEL GRAPPA,VICENZA,0.0,1.0,1
A737,BELFIORE,VERONA,0.0,1.0,1
A795,BERGANTINO,ROVIGO,0.0,1.0,1
A817,BERZO INFERIORE,BRESCIA,0.0,1.0,1
A831,BETTOLA,PIACENZA,0.0,1.0,1
A852,BIBBONA,LIVORNO,0.0,1.0,1
A945,BOLOGNANO,PESCARA,0.0,1.0,1
B154,BRENZONE SUL GARDA,VERONA,0.0,1.0,1
B156,BRESCELLO,REGGIO EMILIA,0.0,1.0,1
B439,CALVATONE,CREMONA,0.0,1.0,1
B460,CAMASTRA,AGRIGENTO,0.0,1.0,1
B500,CAMPANA,COSENZA,0.0,1.0,1
B501,CAMPARADA,MONZA E DELLA BRIANZA,0.0,1.0,1
B626,CANTAGALLO,PRATO,0.0,1.0,1
B641,CANZO,COMO,0.0,1.0,1
B686,CAPRALBA,CREMONA,0.0,1.0,1
B724,CARAPELLE,FOGGIA,0.0,1.0,1
B854,CARVICO,BERGAMO,0.0,1.0,1
B907,CASALOLDO,MANTOVA,0.0,1.0,1
B979,CASOLA IN LUNIGIANA,MASSA-CARRARA,0.0,1.0,1
C027,CASSINE,ALESSANDRIA,0.0,1.0,1
C064,CASTEL BOGLIONE,ASTI,0.0,1.0,1
C086,CASTEL DEL RIO,BOLOGNA,0.0,1.0,1
C139,CASTELLANZA,VARESE,0.0,1.0,1
C228,CASTELNUOVO BOCCA D'ADDA,LODI,0.0,1.0,1
C251,CASTELRAIMONDO,MACERATA,0.0,1.0,1
C394,CAVENAGO D'ADDA,LODI,0.0,1.0,1
C556,CERVIGNANO DEL FRIULI,UDINE,0.0,1.0,1
C614,CHIARANO,TREVISO,0.0,1.0,1
C751,CITTIGLIO,VARESE,0.0,1.0,1
D065,CORTENOVA,LECCO,0.0,1.0,1
D201,CUGNOLI,PESCARA,0.0,1.0,1
D317,DOLCE',VERONA,0.0,1.0,1
D372,DRONERO,CUNEO,0.0,1.0,1
D406,ENDINE GAIANO,BERGAMO,0.0,1.0,1
D429,ESANATOGLIA,MACERATA,0.0,1.0,1
D451,FABRIANO,ANCONA,0.0,1.0,1
D475,FALERIA,VITERBO,0.0,1.0,1
D588,FILAGO,BERGAMO,0.0,1.0,1
D745,FOSSATO DI VICO,PERUGIA,0.0,1.0,1
D830,FUSINE,SONDRIO,0.0,1.0,1
D867,GALEATA,FORLI'-CESENA,0.0,1.0,1
D944,GAVI,ALESSANDRIA,0.0,1.0,1
D958,GAZZOLA,PIACENZA,0.0,1.0,1
E060,GIUNGANO,SALERNO,0.0,1.0,1
E098,GORIZIA,GORIZIA,0.0,1.0,1
E187,GRIZZANA MORANDI,BOLOGNA,0.0,1.0,1
E432,LAMPORECCHIO,PISTOIA,0.0,1.0,1
E600,LINAROLO,PAVIA,0.0,1.0,1
E606,LIPARI,MESSINA,0.0,1.0,1
E668,LONDA,FIRENZE,0.0,1.0,1
E730,LUGO,RAVENNA,0.0,1.0,1
E772,LUZZARA,REGGIO EMILIA,0.0,1.0,1
E805,MAGIONE,PERUGIA,0.0,1.0,1
E852,MALEO,LODI,0.0,1.0,1
F063,MAZZANO,BRESCIA,0.0,1.0,1
F080,MEDE,PAVIA,0.0,1.0,1
F097,MELDOLA,FORLI'-CESENA,0.0,1.0,1
F100,MELEGNANO,MILANO,0.0,1.0,1
F119,MELZO,MILANO,0.0,1.0,1
F173,MEZZANEGO,GENOVA,0.0,1.0,1
F200,MIGLIERINA,CATANZARO,0.0,1.0,1
F268,MOGLIANO,MACERATA,0.0,1.0,1
F310,MOMBAROCCIO,PESARO E URBINO,0.0,1.0,1
F332,MONASTIER DI TREVISO,TREVISO,0.0,1.0,1
F461,MONTECCHIA DI CROSARA,VERONA,0.0,1.0,1
F592,MONTEPULCIANO,SIENA,0.0,1.0,1
F594,MONTERCHI,AREZZO,0.0,1.0,1
F595,MONTEREALE,L'AQUILA,0.0,1.0,1
F625,MONTESANO SULLA MARCELLANA,SALERNO,0.0,1.0,1
F680,MONTIRONE,BRESCIA,0.0,1.0,1
F802,MULAZZO,MASSA-CARRARA,0.0,1.0,1
F887,NIBIONNO,LECCO,0.0,1.0,1
G001,ODOLO,BRESCIA,0.0,1.0,1
G149,ORZINUOVI,BRESCIA,0.0,1.0,1
G284,PALMANOVA,UDINE,0.0,1.0,1
G288,PALMI,REGGIO CALABRIA,0.0,1.0,1
G308,PANICALE,PERUGIA,0.0,1.0,1
G485,PESCATE,LECCO,0.0,1.0,1
G549,PIANCOGNO,BRESCIA,0.0,1.0,1
G601,PIEGARO,PERUGIA,0.0,1.0,1
G634,PIEVE EMANUELE,MILANO,0.0,1.0,1
G653,PIEVE SANTO STEFANO,AREZZO,0.0,1.0,1
G671,PINAROLO PO,PAVIA,0.0,1.0,1
G690,PIORACO,MACERATA,0.0,1.0,1
G816,POMPONESCO,MANTOVA,0.0,1.0,1
G847,PONTE LAMBRO,COMO,0.0,1.0,1
G979,PRALORMO,TORINO,0.0,1.0,1
G981,PRAMAGGIORE,VENEZIA,0.0,1.0,1
H045,PRESENZANO,CASERTA,0.0,1.0,1
H046,PRESEZZO,BERGAMO,0.0,1.0,1
H061,PRIGNANO SULLA SECCHIA,MODENA,0.0,1.0,1
H091,PUMENENGO,BERGAMO,0.0,1.0,1
H256,REZZATO,BRESCIA,0.0,1.0,1
H328,RIVA LIGURE,IMPERIA,0.0,1.0,1
H372,ROBECCO D'OGLIO,CREMONA,0.0,1.0,1
H377,ROBILANTE,CUNEO,0.0,1.0,1
H492,ROGNO,BERGAMO,0.0,1.0,1
H606,ROVERCHIARA,VERONA,0.0,1.0,1
H662,SAGLIANO MICCA,BIELLA,0.0,1.0,1
H682,SALA BAGANZA,PARMA,0.0,1.0,1
H688,SALAPARUTA,TRAPANI,0.0,1.0,1
H772,SAN BENEDETTO DEI MARSI,L'AQUILA,0.0,1.0,1
H805,SAN CONO,CATANIA,0.0,1.0,1
H824,SAN DONATO VAL DI COMINO,FROSINONE,0.0,1.0,1
H895,SAN GIORGIO DI NOGARO,UDINE,0.0,1.0,1
H912,SAN GIOVANNI DEL DOSSO,MANTOVA,0.0,1.0,1
I014,SAN MARTINO SICCOMARIO,PAVIA,0.0,1.0,1
I025,SAN MAURIZIO D'OPAGLIO,NOVARA,0.0,1.0,1
I121,SAN PIO DELLE CAMERE,L'AQUILA,0.0,1.0,1
I156,SAN SEVERINO MARCHE,MACERATA,0.0,1.0,1
I392,SAN VITO DI CADORE,BELLUNO,0.0,1.0,1
I412,SAN ZENO NAVIGLIO,BRESCIA,0.0,1.0,1
I316,SANTA VITTORIA D'ALBA,CUNEO,0.0,1.0,1
I365,SANTO STEFANO AL MARE,IMPERIA,0.0,1.0,1
I436,SARNANO,MACERATA,0.0,1.0,1
I469,SAVIANO,NAPOLI,0.0,1.0,1
I497,SCANDOLARA RAVARA,CREMONA,0.0,1.0,1
I499,SCANDRIGLIA,RIETI,0.0,1.0,1
I534,SCIARA,PALERMO,0.0,1.0,1
I689,SESTOLA,MODENA,0.0,1.0,1
I716,SGURGOLA,FROSINONE,0.0,1.0,1
I865,SOSPIRO,CREMONA,0.0,1.0,1
I927,SPRESIANO,TREVISO,0.0,1.0,1
L156,TEZZE SUL BRENTA,VICENZA,0.0,1.0,1
L277,TORRE PELLICE,TORINO,0.0,1.0,1
L396,TREVENZUOLO,VERONA,0.0,1.0,1
L411,TREZZO SULL'ADDA,MILANO,0.0,1.0,1
L428,TRINITA' D'AGULTU E VIGNOLA,SASSARI,0.0,1.0,1
L577,VALGANNA,VARESE,0.0,1.0,1
L634,VALMADRERA,LECCO,0.0,1.0,1
L812,VESTONE,BRESCIA,0.0,1.0,1
L854,VIDIGULFO,PAVIA,0.0,1.0,1
L887,VIGNOLE BORBERA,ALESSANDRIA,0.0,1.0,1
L919,VILLA CARCINA,BRESCIA,0.0,1.0,1
M120,VOLPEDO,ALESSANDRIA,0.0,1.0,1
M170,ZERMEGHEDO,VICENZA,0.0,1.0,1
M178,ZIMELLA,VERONA,0.0,1.0,1
