codice_comune,comune,provincia,ordine_scuola,tipo_scuola_anagrafe,studenti_da_spostare,disponibilita_effettiva,studenti_senza_posto
G793,POLLA,SALERNO,SCUOLA SECONDARIA I GRADO,SCUOLA PRIMO GRADO,24,0.0,24.0
G793,POLLA,SALERNO,SCUOLA PRIMARIA,SCUOLA PRIMARIA,12,0.0,12.0
B351,CAGGIANO,SALERNO,SCUOLA SECONDARIA I GRADO,SCUOLA PRIMO GRADO,8,0.0,8.0
B351,CAGGIANO,SALERNO,SCUOLA PRIMARIA,SCUOLA PRIMARIA,6,0.0,6.0
H592,ROTONDI,AVELLINO,SCUOLA SECONDARIA II GRADO,SCUOLA SEC. SECONDO GRADO NON STATALE,8,2.0,6.0
A495,AULETTA,SALERNO,SCUOLA SECONDARIA I GRADO,SCUOLA PRIMO GRADO,6,0.0,6.0
I178,SANTA CROCE CAMERINA,RAGUSA,SCUOLA SECONDARIA II GRADO,ISTITUTO TECNICO COMMERCIALE,5,0.0,5.0
D290,SCIGLIANO,COSENZA,SCUOLA SECONDARIA II GRADO,IST PROF PER L'AGRICOLTURA E L'AMBIENTE,5,0.0,5.0
G786,POLICORO,MATERA,SCUOLA SECONDARIA II GRADO,IST PROF INDUSTRIA E ARTIGIANATO,4,0.0,4.0
A495,AULETTA,SALERNO,SCUOLA PRIMARIA,SCUOLA PRIMARIA,4,0.0,4.0
M280,TRECASE,NAPOLI,SCUOLA PRIMARIA,SCUOLA PRIMARIA NON STATALE,3,0.0,3.0
E527,LENOLA,LATINA,SCUOLA SECONDARIA I GRADO,SCUOLA SEC. PRIMO GRADO NON STATALE,3,0.0,3.0
M088,VITTORIA,RAGUSA,SCUOLA SECONDARIA II GRADO,SCUOLA SEC. SECONDO GRADO NON STATALE,3,0.0,3.0
I203,SANTA GIULETTA,PAVIA,SCUOLA SECONDARIA I GRADO,SCUOLA PRIMO GRADO,2,0.0,2.0
G786,POLICORO,MATERA,SCUOLA SECONDARIA II GRADO,ISTITUTO TECNICO INDUSTRIALE,2,0.0,2.0
G916,PORTOMAGGIORE,FERRARA,SCUOLA SECONDARIA II GRADO,ISTITUTO TECNICO COMMERCIALE,2,0.0,2.0
B481,CAMINI,REGGIO CALABRIA,SCUOLA PRIMARIA,SCUOLA PRIMARIA,2,0.0,2.0
M260,CASAPESENNA,CASERTA,SCUOLA PRIMARIA,SCUOLA PRIMARIA NON STATALE,1,0.0,1.0
L885,VIGNOLA,MODENA,SCUOLA SECONDARIA II GRADO,IST PROF INDUSTRIA E ARTIGIANATO,1,0.0,1.0
I438,SARNO,SALERNO,SCUOLA SECONDARIA II GRADO,IST PROF PER L'AGRICOLTURA E L'AMBIENTE,1,0.0,1.0
G707,PISCIOTTA,SALERNO,SCUOLA PRIMARIA,SCUOLA PRIMARIA,1,0.0,1.0
B352,CAGLI,PESARO E URBINO,SCUOLA SECONDARIA II GRADO,IST PROF INDUSTRIA E ARTIGIANATO,1,0.0,1.0
I155,SANSEPOLCRO,AREZZO,SCUOLA SECONDARIA II GRADO,IST PROF INDUSTRIA E ARTIGIANATO,1,0.0,1.0
G273,PALERMO,PALERMO,SCUOLA SECONDARIA II GRADO,IST PROF PER I SERVIZI COMMERCIALI,1,0.0,1.0
H591,ROTONDELLA,MATERA,SCUOLA SECONDARIA I GRADO,SCUOLA PRIMO GRADO,1,0.0,1.0
B858,CASACALENDA,CAMPOBASSO,SCUOLA SECONDARIA II GRADO,ISTITUTO TECNICO COMMERCIALE,1,0.0,1.0
H881,SAN GIORGIO ALBANESE,COSENZA,SCUOLA PRIMARIA,SCUOLA PRIMARIA,1,0.0,1.0
