anno_scolastico,seed,metrica,valore,nota
202425,42,unita_sopra_30_totali,50,
202425,42,classi_sopra_30_totali,67,"Somma di classi_esatte delle unità sopra soglia, non conteggio di unità."
202425,42,unita_sopra_30_irrisolvibili_escluse,0,"Zero alunni italiani: escluse dalla simulazione, vedi analyze.py"
202425,42,unita_destinazione_candidate,25368,
202425,42,unita_destinazione_escluse_senza_classi_esatte,0,
202425,42,studenti_da_riallocare_totale,150,Somma di m_min sulle unità di origine.
202425,42,studenti_riallocati_totale,78,
202425,42,studenti_non_riallocati_totale,72,
202425,42,violazioni_soglia_30_in_destinazioni,0,Deve essere 0: nessuna destinazione può superare 0.30 dopo l'inserimento.
202425,42,violazioni_capacita_in_destinazioni,0,Deve essere 0: nessuna destinazione può ricevere più della propria capacità stimata.
202425,42,violazioni_tipologia_scuola_in_destinazioni,0,Deve essere 0: nessun abbinamento può avere cluster di tipologia scolastica incompatibili.
202425,42,unita_origine_con_bilancio_incoerente,0,Deve essere 0: assegnati + non_riallocati deve sempre coincidere con m_min.
202425,42,capienza_percentile_usato,nessuno,
202425,42,max_limit_per_class_usato,30,
202425,42,cambio_gestione_consentito,0,
202425,42,cluster_tipologia_scuola_applicato,0,
202425,42,ordine_origine_casuale,0,
202425,42,max_km_applicato,5.0,
