anno_scolastico,seed,tipo_gestione,ordine_scuola,anno_corso,codice_scuola_origine,denominazione_origine,comune_origine,provincia_origine,regione_origine,tipo_scuola_anagrafe_origine,tipo_scuola_cluster_origine,codice_scuola_destinazione,denominazione_destinazione,comune_destinazione,provincia_destinazione,regione_destinazione,tipo_scuola_anagrafe_destinazione,tipo_scuola_cluster_destinazione,n_studenti_spostati,distanza_km
202425,42,paritaria,SCUOLA PRIMARIA,1,NA1E1M500R,SCUOLA PRIMARIA ORIENTALE,NAPOLI,NAPOLI,CAMPANIA,SCUOLA PRIMARIA NON STATALE,,NA1E13100T,ENTE RELIGIOSO PICCOLE ANCELLE DI CRISTO RE,BRUSCIANO,NAPOLI,CAMPANIA,SCUOLA PRIMARIA NON STATALE,,4,1.532
202425,42,paritaria,SCUOLA PRIMARIA,1,NA1E1M500R,SCUOLA PRIMARIA ORIENTALE,NAPOLI,NAPOLI,CAMPANIA,SCUOLA PRIMARIA NON STATALE,,NA1E00900Q,ENTE RELIGIOSO SUORE MARIA SS. ADDOLORATA STELLA MATTUTINA,NAPOLI,NAPOLI,CAMPANIA,SCUOLA PRIMARIA NON STATALE,,1,1.756
202425,42,paritaria,SCUOLA PRIMARIA,1,NA1E18100V,IINTERNATIONAL SCHOOL S.R.L. IMPRESA SOCIALE,GIUGLIANO IN CAMPANIA,NAPOLI,CAMPANIA,SCUOLA PRIMARIA NON STATALE,,NA1E178003,Defoe Scuola e Formazione SRL,GIUGLIANO IN CAMPANIA,NAPOLI,CAMPANIA,SCUOLA PRIMARIA NON STATALE,,4,2.759
202425,42,paritaria,SCUOLA PRIMARIA,1,NA1E064008,ENTE RELIGIOSO SUORE DEGLI ANGELI - SANTA RITA ALLA SALUTE,NAPOLI,NAPOLI,CAMPANIA,SCUOLA PRIMARIA NON STATALE,,NA1E06800G,ENTE RELIGIOSO ANCELLE SACRO CUORE VOLPICELLI,NAPOLI,NAPOLI,CAMPANIA,SCUOLA PRIMARIA NON STATALE,,2,0.469
202425,42,paritaria,SCUOLA PRIMARIA,1,NA1E214001,SALVATORE BELLO SOCIETA' COOP. A R.L.,TRECASE,NAPOLI,CAMPANIA,SCUOLA PRIMARIA NON STATALE,,NA1E212009,GESU' DI NAZARETH,TORRE DEL GRECO,NAPOLI,CAMPANIA,SCUOLA PRIMARIA NON STATALE,,3,4.844
202425,42,paritaria,SCUOLA PRIMARIA,1,NA1E081002,MONTESSORI SCHOOL,POZZUOLI,NAPOLI,CAMPANIA,SCUOLA PRIMARIA NON STATALE,,NA1E22300Q,SCUOLA S. GIUSEPPE - SUORE PICCOLE MISSIONARIE EUCARISTICHE,POZZUOLI,NAPOLI,CAMPANIA,SCUOLA PRIMARIA NON STATALE,,1,3.844
202425,42,paritaria,SCUOLA PRIMARIA,1,CE1E05000C,ISTITUTO SCOLASTICO GIARDINO D'INFANZIA,CASAPESENNA,CASERTA,CAMPANIA,SCUOLA PRIMARIA NON STATALE,,CE1E049008,IL SORRISO,SAN MARCELLINO,CASERTA,CAMPANIA,SCUOLA PRIMARIA NON STATALE,,1,0.935
202425,42,paritaria,SCUOLA SECONDARIA I GRADO,1,NA1M26500L,INTERNATIONAL SCHOOL OF LAGO PATRIA BY CHILDHOOD EDUCATION,GIUGLIANO IN CAMPANIA,NAPOLI,CAMPANIA,SCUOLA SEC. PRIMO GRADO NON STATALE,,NA1MR7500R,ISTITUTO TEODORO MONTICELLI,GIUGLIANO IN CAMPANIA,NAPOLI,CAMPANIA,SCUOLA SEC. PRIMO GRADO NON STATALE,,1,1.012
202425,42,paritaria,SCUOLA SECONDARIA II GRADO,1,AVTFV2500P,Bruno Amirante - Ist Tecnico-set Tecnologico-ind Meccanica Meccatronica Energia,ROTONDI,AVELLINO,CAMPANIA,SCUOLA SEC. SECONDO GRADO NON STATALE,,AVTFAN5004,Bruno Amirante - ITT-MME - D.M.240-2023,ROTONDI,AVELLINO,CAMPANIA,SCUOLA SEC. SECONDO GRADO NON STATALE,,2,0.0
202425,42,paritaria,SCUOLA SECONDARIA II GRADO,1,PDPSA0500O,"""SVILUPPO E ISTRUZIONE CULTURA ITALO-CINESE""",PADOVA,PADOVA,VENETO,SCUOLA SEC. SECONDO GRADO NON STATALE,,PDPS00500A,LICEO SCIENTIFICO GYMNASIUM PATAVINUM SPORT,PADOVA,PADOVA,VENETO,SCUOLA SEC. SECONDO GRADO NON STATALE,,1,0.277
202425,42,statale,SCUOLA PRIMARIA,1,SAEE87201B,POLLA CAP.P.P.,POLLA,SALERNO,CAMPANIA,SCUOLA PRIMARIA,,SAEE87101G,S.ARSENIO CAP.,SANT'ARSENIO,SALERNO,CAMPANIA,SCUOLA PRIMARIA,,5,4.805
202425,42,statale,SCUOLA PRIMARIA,1,SAEE87204E,CAGGIANO CAP,CAGGIANO,SALERNO,CAMPANIA,SCUOLA PRIMARIA,,PZEE86203P,VIETRI DI POTENZA,VIETRI DI POTENZA,POTENZA,BASILICATA,SCUOLA PRIMARIA,,6,3.758
202425,42,statale,SCUOLA PRIMARIA,1,RCEE82907R,DON TEODORO RIGITANO CAMINI,CAMINI,REGGIO CALABRIA,CALABRIA,SCUOLA PRIMARIA,,RCEE82905P,RIACE MARINA,RIACE,REGGIO CALABRIA,CALABRIA,SCUOLA PRIMARIA,,2,1.445
202425,42,statale,SCUOLA PRIMARIA,1,SREE85103E,"I.C. ""F. D'AMICO"" ROSOLINI",ROSOLINI,SIRACUSA,SICILIA,SCUOLA PRIMARIA,,SREE85004Q,I.C. E. DE CILLIS ROSOLINI,ROSOLINI,SIRACUSA,SICILIA,SCUOLA PRIMARIA,,2,0.466
202425,42,statale,SCUOLA PRIMARIA,1,CTEE8AH02N,I.C. CAPUANA,CATANIA,CATANIA,SICILIA,SCUOLA PRIMARIA,,CTEE89802E,VIA SANTA MADDALENA 39,CATANIA,CATANIA,SICILIA,SCUOLA PRIMARIA,,2,0.309
202425,42,statale,SCUOLA PRIMARIA,1,NAEE8ER03L,NA IC 10 LEVI - 19/0,NAPOLI,NAPOLI,CAMPANIA,SCUOLA PRIMARIA,,NAEE8AF01L,NA IC VIRGILIO IV - PLESSO 10H,NAPOLI,NAPOLI,CAMPANIA,SCUOLA PRIMARIA,,2,0.0
202425,42,statale,SCUOLA PRIMARIA,1,PAEE813012,I.C. PEREZ/M.T.D. CALC-V. FIUME,PALERMO,PALERMO,SICILIA,SCUOLA PRIMARIA,,PAEE898034,FRANCESCO FERRARA_PRM,PALERMO,PALERMO,SICILIA,SCUOLA PRIMARIA,,2,0.501
202425,42,statale,SCUOLA PRIMARIA,1,SAEE83902R,ANGELO PATRI - AVERSANA,BATTIPAGLIA,SALERNO,CAMPANIA,SCUOLA PRIMARIA,,SAEE81901E,CIOFFI,EBOLI,SALERNO,CAMPANIA,SCUOLA PRIMARIA,,1,3.768
202425,42,statale,SCUOLA PRIMARIA,1,MEEE86204L,VILLAGGIO ALDISIO,MESSINA,MESSINA,SICILIA,SCUOLA PRIMARIA,,MEEE86104R,A. LUCIANI,MESSINA,MESSINA,SICILIA,SCUOLA PRIMARIA,,1,0.225
202425,42,statale,SCUOLA PRIMARIA,1,ANEE82405X,"FALCONARA ""LEOPARDI""",FALCONARA MARITTIMA,ANCONA,MARCHE,SCUOLA PRIMARIA,,ANEE824072,"FALCONARA ""ALIGHIERI""",FALCONARA MARITTIMA,ANCONA,MARCHE,SCUOLA PRIMARIA,,1,0.617
202425,42,statale,SCUOLA PRIMARIA,1,NAEE8GK033,SAN GENNARO VES. I.C. GIUGLIANI,SAN GENNARO VESUVIANO,NAPOLI,CAMPANIA,SCUOLA PRIMARIA,,NAEE8BF017,PIERO ANGELA,OTTAVIANO,NAPOLI,CAMPANIA,SCUOLA PRIMARIA,,1,0.242
202425,42,statale,SCUOLA SECONDARIA I GRADO,1,SAMM87202B,CAGGIANO,CAGGIANO,SALERNO,CAMPANIA,SCUOLA PRIMO GRADO,,PZMM86202L,"I GRADO ""ALIGHIERI"" VIETRI",VIETRI DI POTENZA,POTENZA,BASILICATA,SCUOLA PRIMO GRADO,,7,3.758
202425,42,statale,SCUOLA SECONDARIA I GRADO,1,FGMM856026,SCUOLA I GRADO BORGO MEZZANONE,MANFREDONIA,FOGGIA,PUGLIA,SCUOLA PRIMO GRADO,,FGMM82901R,DON MILANI,MANFREDONIA,FOGGIA,PUGLIA,SCUOLA PRIMO GRADO,,3,0.0
202425,42,statale,SCUOLA SECONDARIA I GRADO,1,PVMM821028,FERMI - SANTA GIULETTA,SANTA GIULETTA,PAVIA,LOMBARDIA,SCUOLA PRIMO GRADO,,PVMM823031,DEPRETIS - PINAROLO PO,PINAROLO PO,PAVIA,LOMBARDIA,SCUOLA PRIMO GRADO,,2,4.091
202425,42,statale,SCUOLA SECONDARIA I GRADO,1,ANMM81801B,"ANCONA ""PODESTI""",ANCONA,ANCONA,MARCHE,SCUOLA PRIMO GRADO,,ANMM81601Q,"ANCONA ""DONATELLO""",ANCONA,ANCONA,MARCHE,SCUOLA PRIMO GRADO,,1,0.949
202425,42,statale,SCUOLA SECONDARIA II GRADO,1,MTRI01801B,"I.P.IND.E ART. ""PITAGORA"" -POLICORO",POLICORO,MATERA,BASILICATA,IST PROF INDUSTRIA E ARTIGIANATO,,MTPS01701A,"L.SCIENT. ""ENRICO FERMI"" -POLICORO",POLICORO,MATERA,BASILICATA,LICEO SCIENTIFICO,,4,1.067
202425,42,statale,SCUOLA SECONDARIA II GRADO,1,CRTF008012,"I.T. ""A. STRADIVARI""",CREMONA,CREMONA,LOMBARDIA,ISTITUTO TECNICO INDUSTRIALE,,CRRI008015,I.P.E L. A. STRADIVARI,CREMONA,CREMONA,LOMBARDIA,IST PROF INDUSTRIA E ARTIGIANATO,,2,0.0
202425,42,statale,SCUOLA SECONDARIA II GRADO,1,MCRI01002A,"""F. CORRIDONI""",MACERATA,MACERATA,MARCHE,IST PROF INDUSTRIA E ARTIGIANATO,,MCRC00901C,"IPS ""IVO PANNAGGI""",MACERATA,MACERATA,MARCHE,IST PROF PER I SERVIZI COMMERCIALI E TURISTICI,,4,0.046
202425,42,statale,SCUOLA SECONDARIA II GRADO,1,CBTD003015,"ITE ""SILVIO DI LALLA"" - CASACALENDA",CASACALENDA,CAMPOBASSO,MOLISE,ISTITUTO TECNICO COMMERCIALE,,CBRI00301E,"IPIA ""SILVIO DI LALLA"" - CASACALENDA",CASACALENDA,CAMPOBASSO,MOLISE,IST PROF INDUSTRIA E ARTIGIANATO,,1,0.0
202425,42,statale,SCUOLA SECONDARIA II GRADO,1,PSRI00401E,"IST. PROF.IND. E ART. ""G.CELLI""",CAGLI,PESARO E URBINO,MARCHE,IST PROF INDUSTRIA E ARTIGIANATO,,PSTD004015,"I.T.C.""G.CELLI""",CAGLI,PESARO E URBINO,MARCHE,ISTITUTO TECNICO COMMERCIALE,,1,0.0
202425,42,statale,SCUOLA SECONDARIA II GRADO,1,NATF05101E,"I.T.I.S ""CASANOVA""",NAPOLI,NAPOLI,CAMPANIA,ISTITUTO TECNICO INDUSTRIALE,,NARI05101N,IPIA CASANOVA-NAPOLI-,NAPOLI,NAPOLI,CAMPANIA,IST PROF INDUSTRIA E ARTIGIANATO,,1,0.0
202425,42,statale,SCUOLA SECONDARIA II GRADO,1,MTTF018018,"I.TEC.IND. ""PITAGORA"" -POLICORO",POLICORO,MATERA,BASILICATA,ISTITUTO TECNICO INDUSTRIALE,,MTPS01701A,"L.SCIENT. ""ENRICO FERMI"" -POLICORO",POLICORO,MATERA,BASILICATA,LICEO SCIENTIFICO,,2,1.067
202425,42,statale,SCUOLA SECONDARIA II GRADO,1,MIRI07401R,I.P. - MARELLI DUDOVICH,MILANO,MILANO,LOMBARDIA,IST PROF INDUSTRIA E ARTIGIANATO,,MITF07401N,I.T. TECNOLOGICO - E. MARELLI DUDOVICH,MILANO,MILANO,LOMBARDIA,ISTITUTO TECNICO INDUSTRIALE,,1,0.0
202425,42,statale,SCUOLA SECONDARIA II GRADO,1,MORI002014,PRIMO LEVI,VIGNOLA,MODENA,EMILIA ROMAGNA,IST PROF INDUSTRIA E ARTIGIANATO,,MOPS00201V,PRIMO LEVI,VIGNOLA,MODENA,EMILIA ROMAGNA,LICEO SCIENTIFICO,,1,0.0
202425,42,statale,SCUOLA SECONDARIA II GRADO,1,ARRI00201C,IST. PROFESSIONALE BUITONI SANSEPOLCRO,SANSEPOLCRO,AREZZO,TOSCANA,IST PROF INDUSTRIA E ARTIGIANATO,,ARTD002013,ISTITUTO TECNICO FRA LUCA PACIOLI,SANSEPOLCRO,AREZZO,TOSCANA,ISTITUTO TECNICO COMMERCIALE,,1,0.437
202425,42,statale,SCUOLA SECONDARIA II GRADO,1,SARA01010L,IPSASR SARNO,SARNO,SALERNO,CAMPANIA,IST PROF PER L'AGRICOLTURA E L'AMBIENTE,,SARF06802G,IPSS G.MILONE SARNO,SARNO,SALERNO,CAMPANIA,IST PROF PER I SERVIZI SOCIALI,,1,1.253
202425,42,statale,SCUOLA SECONDARIA II GRADO,1,PARC02301N,F. FERRARA,PALERMO,PALERMO,SICILIA,IST PROF PER I SERVIZI COMMERCIALI,,PAPM023016,F. FERRARA,PALERMO,PALERMO,SICILIA,ISTITUTO MAGISTRALE,,1,0.0
