anno_scolastico,quota_campione,seed,tipo_gestione,ordine_scuola,anno_corso,codice_scuola_origine,denominazione_origine,comune_origine,provincia_origine,regione_origine,tipo_scuola_anagrafe_origine,tipo_scuola_cluster_origine,n_studenti_non_riallocati,motivo
202425,0.346,42,paritaria,SCUOLA PRIMARIA,1,IM1E003001,ISTITUTO SANTA MARTA,VENTIMIGLIA,IMPERIA,LIGURIA,SCUOLA PRIMARIA NON STATALE,,1,capacita_esaurita_o_oltre_max_km
202425,0.346,42,paritaria,SCUOLA PRIMARIA,1,PO1E00900G,SAN GIOVANNI BOSCO,PRATO,PRATO,TOSCANA,SCUOLA PRIMARIA NON STATALE,,1,capacita_esaurita_o_oltre_max_km
202425,0.346,42,paritaria,SCUOLA SECONDARIA I GRADO,1,CT1M011009,LIBERTINI RAFFAELE,GRAMMICHELE,CATANIA,SICILIA,SCUOLA SEC. PRIMO GRADO NON STATALE,,6,capacita_esaurita_o_oltre_max_km
202425,0.346,42,paritaria,SCUOLA SECONDARIA I GRADO,1,NA1M26500L,INTERNATIONAL SCHOOL OF LAGO PATRIA BY CHILDHOOD EDUCATION,GIUGLIANO IN CAMPANIA,NAPOLI,CAMPANIA,SCUOLA SEC. PRIMO GRADO NON STATALE,,1,capacita_esaurita_o_oltre_max_km
202425,0.346,42,paritaria,SCUOLA SECONDARIA I GRADO,1,LU1M8R500T,SCUOLA MEDIA INTERNAZIONALE,LUCCA,LUCCA,TOSCANA,SCUOLA SEC. PRIMO GRADO NON STATALE,,1,capacita_esaurita_o_oltre_max_km
202425,0.346,42,paritaria,SCUOLA SECONDARIA I GRADO,1,PV1M004002,"SCUOLA SECONDARIA DI PRIMO GRADO ""SACRA FAMIGLIA""",VOGHERA,PAVIA,LOMBARDIA,SCUOLA SEC. PRIMO GRADO NON STATALE,,1,capacita_esaurita_o_oltre_max_km
202425,0.346,42,paritaria,SCUOLA SECONDARIA I GRADO,1,NA1MR7500R,ISTITUTO TEODORO MONTICELLI,GIUGLIANO IN CAMPANIA,NAPOLI,CAMPANIA,SCUOLA SEC. PRIMO GRADO NON STATALE,,1,capacita_esaurita_o_oltre_max_km
202425,0.346,42,paritaria,SCUOLA SECONDARIA II GRADO,1,AVTFV2500P,Bruno Amirante - Ist Tecnico-set Tecnologico-ind Meccanica Meccatronica Energia,ROTONDI,AVELLINO,CAMPANIA,SCUOLA SEC. SECONDO GRADO NON STATALE,,7,capacita_esaurita_o_oltre_max_km
202425,0.346,42,paritaria,SCUOLA SECONDARIA II GRADO,1,RGPL025009,LICEO LINGUISTICO PARITARIO LANZA,VITTORIA,RAGUSA,SICILIA,SCUOLA SEC. SECONDO GRADO NON STATALE,,4,capacita_esaurita_o_oltre_max_km
202425,0.346,42,paritaria,SCUOLA SECONDARIA II GRADO,1,NAPS5M500T,INTERNATIONAL SCHOOL OF LAGO PATRIA,GIUGLIANO IN CAMPANIA,NAPOLI,CAMPANIA,SCUOLA SEC. SECONDO GRADO NON STATALE,,3,capacita_esaurita_o_oltre_max_km
202425,0.346,42,paritaria,SCUOLA SECONDARIA II GRADO,1,FIPS15500B,CALASANZIO,EMPOLI,FIRENZE,TOSCANA,SCUOLA SEC. SECONDO GRADO NON STATALE,,1,capacita_esaurita_o_oltre_max_km
202425,0.346,42,paritaria,SCUOLA SECONDARIA II GRADO,1,CTSD015003,LICEO ARTISTICO REGIONALE,GRAMMICHELE,CATANIA,SICILIA,SCUOLA SEC. SECONDO GRADO NON STATALE,,2,capacita_esaurita_o_oltre_max_km
202425,0.346,42,paritaria,SCUOLA SECONDARIA II GRADO,1,FIPL06500X,"""FONDAZIONE CONSERVATORIO SS.ANNUNZIATA""",EMPOLI,FIRENZE,TOSCANA,SCUOLA SEC. SECONDO GRADO NON STATALE,,1,capacita_esaurita_o_oltre_max_km
202425,0.346,42,statale,SCUOLA PRIMARIA,1,SAEE87202C,S. PIETRO,POLLA,SALERNO,CAMPANIA,SCUOLA PRIMARIA,,5,capacita_esaurita_o_oltre_max_km
202425,0.346,42,statale,SCUOLA PRIMARIA,1,MTEE83503D,"""RODARI""-METAPONTO BERNALDA",BERNALDA,MATERA,BASILICATA,SCUOLA PRIMARIA,,3,capacita_esaurita_o_oltre_max_km
202425,0.346,42,statale,SCUOLA PRIMARIA,1,CREE80001R,SCUOLA PRIMARIA SORESINA,SORESINA,CREMONA,LOMBARDIA,SCUOLA PRIMARIA,,21,capacita_esaurita_o_oltre_max_km
202425,0.346,42,statale,SCUOLA PRIMARIA,1,GOEE80401G,T.C. AMELIO CUZZI,MONFALCONE,GORIZIA,FRIULI-VENEZIA G.,SCUOLA PRIMARIA,,6,capacita_esaurita_o_oltre_max_km
202425,0.346,42,statale,SCUOLA PRIMARIA,1,PNEE814014,"PASIANO-CAP. ""DANTE ALIGHIERI""",PASIANO DI PORDENONE,PORDENONE,FRIULI-VENEZIA G.,SCUOLA PRIMARIA,,3,capacita_esaurita_o_oltre_max_km
202425,0.346,42,statale,SCUOLA PRIMARIA,1,GOEE80303T,DUCA D'AOSTA,MONFALCONE,GORIZIA,FRIULI-VENEZIA G.,SCUOLA PRIMARIA,,18,capacita_esaurita_o_oltre_max_km
202425,0.346,42,statale,SCUOLA PRIMARIA,1,FEEE81406P,E.DE AMICIS-MASSAFISCAGLIA,FISCAGLIA,FERRARA,EMILIA ROMAGNA,SCUOLA PRIMARIA,,3,capacita_esaurita_o_oltre_max_km
202425,0.346,42,statale,SCUOLA PRIMARIA,1,PREE83801C,BRUNO FERRARI,LANGHIRANO,PARMA,EMILIA ROMAGNA,SCUOLA PRIMARIA,,5,capacita_esaurita_o_oltre_max_km
202425,0.346,42,statale,SCUOLA PRIMARIA,1,SAEE83902R,ANGELO PATRI - AVERSANA,BATTIPAGLIA,SALERNO,CAMPANIA,SCUOLA PRIMARIA,,6,capacita_esaurita_o_oltre_max_km
202425,0.346,42,statale,SCUOLA PRIMARIA,1,FEEE824014,"""MARIA MONTESSORI"" - PORTOMAGGI",PORTOMAGGIORE,FERRARA,EMILIA ROMAGNA,SCUOLA PRIMARIA,,8,capacita_esaurita_o_oltre_max_km
202425,0.346,42,statale,SCUOLA PRIMARIA,1,VTEE827014,"PRIMARIA ""SIRTO SACCHETTI""",ORTE,VITERBO,LAZIO,SCUOLA PRIMARIA,,3,capacita_esaurita_o_oltre_max_km
202425,0.346,42,statale,SCUOLA PRIMARIA,1,MTEE83405Q,ROTONDELLA-VALSINNI,ROTONDELLA,MATERA,BASILICATA,SCUOLA PRIMARIA,,2,capacita_esaurita_o_oltre_max_km
202425,0.346,42,statale,SCUOLA PRIMARIA,1,NOEE81401X,BIANDRATE,BIANDRATE,NOVARA,PIEMONTE,SCUOLA PRIMARIA,,2,capacita_esaurita_o_oltre_max_km
202425,0.346,42,statale,SCUOLA PRIMARIA,1,PVEE808041,PALESTRO,PALESTRO,PAVIA,LOMBARDIA,SCUOLA PRIMARIA,,4,capacita_esaurita_o_oltre_max_km
202425,0.346,42,statale,SCUOLA PRIMARIA,1,CNEE813035,CEVA - CAPOLUOGO,CEVA,CUNEO,PIEMONTE,SCUOLA PRIMARIA,,2,capacita_esaurita_o_oltre_max_km
202425,0.346,42,statale,SCUOLA PRIMARIA,1,FEEE80205B,"""B.BISI""-SCORTICHINO",BONDENO,FERRARA,EMILIA ROMAGNA,SCUOLA PRIMARIA,,1,capacita_esaurita_o_oltre_max_km
202425,0.346,42,statale,SCUOLA PRIMARIA,1,VEEE870014,F. GRIMANI-MARGHERA,VENEZIA,VENEZIA,VENETO,SCUOLA PRIMARIA,,4,capacita_esaurita_o_oltre_max_km
202425,0.346,42,statale,SCUOLA PRIMARIA,1,ATEE809025,PRIMARIA ROCCHETTA TANARO CAP.,ROCCHETTA TANARO,ASTI,PIEMONTE,SCUOLA PRIMARIA,,1,capacita_esaurita_o_oltre_max_km
202425,0.346,42,statale,SCUOLA PRIMARIA,1,VREE894018,VERONELLA,VERONELLA,VERONA,VENETO,SCUOLA PRIMARIA,,1,capacita_esaurita_o_oltre_max_km
202425,0.346,42,statale,SCUOLA PRIMARIA,1,FOEE80903L,CIVITELLA FRANCESCHI PIGNOCCHI,CIVITELLA DI ROMAGNA,FORLI'-CESENA,EMILIA ROMAGNA,SCUOLA PRIMARIA,,1,capacita_esaurita_o_oltre_max_km
202425,0.346,42,statale,SCUOLA PRIMARIA,1,MNEE82201V,SC.PRIMARIA DI SERMIDE,SERMIDE E FELONICA,MANTOVA,LOMBARDIA,SCUOLA PRIMARIA,,7,capacita_esaurita_o_oltre_max_km
202425,0.346,42,statale,SCUOLA PRIMARIA,1,ROEE81605A,PASINI GRISETTI - BARUCHELLA,GIACCIANO CON BARUCHELLA,ROVIGO,VENETO,SCUOLA PRIMARIA,,3,capacita_esaurita_o_oltre_max_km
202425,0.346,42,statale,SCUOLA PRIMARIA,1,ALEE83404V,"""GIANNI RODARI"" - TORTONA",TORTONA,ALESSANDRIA,PIEMONTE,SCUOLA PRIMARIA,,8,capacita_esaurita_o_oltre_max_km
202425,0.346,42,statale,SCUOLA PRIMARIA,1,GREE817073,"SCANSANO CAP. -""UMBERTO I""",SCANSANO,GROSSETO,TOSCANA,SCUOLA PRIMARIA,,1,capacita_esaurita_o_oltre_max_km
202425,0.346,42,statale,SCUOLA PRIMARIA,1,CSEE83202R,SAN GIORGIO ALBANESE - CENTRO,SAN GIORGIO ALBANESE,COSENZA,CALABRIA,SCUOLA PRIMARIA,,2,capacita_esaurita_o_oltre_max_km
202425,0.346,42,statale,SCUOLA PRIMARIA,1,VREE85704C,BONFERRARO-MARCONI G.,SORGA',VERONA,VENETO,SCUOLA PRIMARIA,,5,capacita_esaurita_o_oltre_max_km
202425,0.346,42,statale,SCUOLA PRIMARIA,1,SAEE8AP053,PISCIOTTA CAP.P.P.,PISCIOTTA,SALERNO,CAMPANIA,SCUOLA PRIMARIA,,2,capacita_esaurita_o_oltre_max_km
202425,0.346,42,statale,SCUOLA PRIMARIA,1,RGEE81401L,SANTA CROCE CAMERINA,SANTA CROCE CAMERINA,RAGUSA,SICILIA,SCUOLA PRIMARIA,,11,capacita_esaurita_o_oltre_max_km
202425,0.346,42,statale,SCUOLA PRIMARIA,1,ALEE812042,"SAN SEBASTIANO CURONE- ""F.GIANI",SAN SEBASTIANO CURONE,ALESSANDRIA,PIEMONTE,SCUOLA PRIMARIA,,2,capacita_esaurita_o_oltre_max_km
202425,0.346,42,statale,SCUOLA PRIMARIA,1,BOEE84005B,GIUSEPPE BONTA',VERGATO,BOLOGNA,EMILIA ROMAGNA,SCUOLA PRIMARIA,,2,capacita_esaurita_o_oltre_max_km
202425,0.346,42,statale,SCUOLA PRIMARIA,1,PCEE005019,VITTORINO DA FELTRE,PIACENZA,PIACENZA,EMILIA ROMAGNA,SCUOLA PRIMARIA,,4,capacita_esaurita_o_oltre_max_km
202425,0.346,42,statale,SCUOLA PRIMARIA,1,CNEE83602R,GARESSIO - SCUOLA PRIMARIA,GARESSIO,CUNEO,PIEMONTE,SCUOLA PRIMARIA,,2,capacita_esaurita_o_oltre_max_km
202425,0.346,42,statale,SCUOLA PRIMARIA,1,GREE815037,MONTEROTONDO CAPOLUOGO,MONTEROTONDO MARITTIMO,GROSSETO,TOSCANA,SCUOLA PRIMARIA,,2,capacita_esaurita_o_oltre_max_km
202425,0.346,42,statale,SCUOLA PRIMARIA,1,MOEE04009E,"""G. PASCOLI"" - S.M. SPINO",MIRANDOLA,MODENA,EMILIA ROMAGNA,SCUOLA PRIMARIA,,2,capacita_esaurita_o_oltre_max_km
202425,0.346,42,statale,SCUOLA PRIMARIA,1,BGEE84405R,"COVO ""A.LOCATELLI""",COVO,BERGAMO,LOMBARDIA,SCUOLA PRIMARIA,,4,capacita_esaurita_o_oltre_max_km
202425,0.346,42,statale,SCUOLA PRIMARIA,1,CREE80003V,SCUOLA PRIMARIA CASALMORANO,CASALMORANO,CREMONA,LOMBARDIA,SCUOLA PRIMARIA,,3,capacita_esaurita_o_oltre_max_km
202425,0.346,42,statale,SCUOLA PRIMARIA,1,PVEE821029,BRONI - PAOLO BAFFI,BRONI,PAVIA,LOMBARDIA,SCUOLA PRIMARIA,,3,capacita_esaurita_o_oltre_max_km
202425,0.346,42,statale,SCUOLA PRIMARIA,1,PREE820039,ROMAGNOSI,SALSOMAGGIORE TERME,PARMA,EMILIA ROMAGNA,SCUOLA PRIMARIA,,3,capacita_esaurita_o_oltre_max_km
202425,0.346,42,statale,SCUOLA PRIMARIA,1,PCEE00403G,DUE GIUGNO,PIACENZA,PIACENZA,EMILIA ROMAGNA,SCUOLA PRIMARIA,,3,capacita_esaurita_o_oltre_max_km
202425,0.346,42,statale,SCUOLA PRIMARIA,1,REEE82901Q,FABBRICO CAP.,FABBRICO,REGGIO EMILIA,EMILIA ROMAGNA,SCUOLA PRIMARIA,,6,capacita_esaurita_o_oltre_max_km
202425,0.346,42,statale,SCUOLA PRIMARIA,1,BOEE832018,G. FORNASINI IC PORRETTA TERME,ALTO RENO TERME,BOLOGNA,EMILIA ROMAGNA,SCUOLA PRIMARIA,,4,capacita_esaurita_o_oltre_max_km
202425,0.346,42,statale,SCUOLA PRIMARIA,1,VREE857019,"NOGARA ""DON G. CALABRIA""",NOGARA,VERONA,VENETO,SCUOLA PRIMARIA,,4,capacita_esaurita_o_oltre_max_km
202425,0.346,42,statale,SCUOLA PRIMARIA,1,PVEE814015,"BELGIOIOSO ""C. LAURENTI""",BELGIOIOSO,PAVIA,LOMBARDIA,SCUOLA PRIMARIA,,2,capacita_esaurita_o_oltre_max_km
202425,0.346,42,statale,SCUOLA PRIMARIA,1,ALEE83403T,"""C.SO ROMITA"" - TORTONA",TORTONA,ALESSANDRIA,PIEMONTE,SCUOLA PRIMARIA,,8,capacita_esaurita_o_oltre_max_km
202425,0.346,42,statale,SCUOLA PRIMARIA,1,NOEE80901C,DON CARLO FELICE SAINO,CERANO,NOVARA,PIEMONTE,SCUOLA PRIMARIA,,3,capacita_esaurita_o_oltre_max_km
202425,0.346,42,statale,SCUOLA PRIMARIA,1,BOEE809028,C. ZAVOLI I.C. BORGO TOSSIGNANO,BORGO TOSSIGNANO,BOLOGNA,EMILIA ROMAGNA,SCUOLA PRIMARIA,,1,capacita_esaurita_o_oltre_max_km
202425,0.346,42,statale,SCUOLA PRIMARIA,1,MNEE82202X,SC.PRIMARIA DI CARBONARA DI PO,BORGOCARBONARA,MANTOVA,LOMBARDIA,SCUOLA PRIMARIA,,2,capacita_esaurita_o_oltre_max_km
202425,0.346,42,statale,SCUOLA PRIMARIA,1,NOEE82901N,"""GIANNI RODARI""",TRECATE,NOVARA,PIEMONTE,SCUOLA PRIMARIA,,10,capacita_esaurita_o_oltre_max_km
202425,0.346,42,statale,SCUOLA PRIMARIA,1,PREE07501C,DE AMICIS,FIDENZA,PARMA,EMILIA ROMAGNA,SCUOLA PRIMARIA,,4,capacita_esaurita_o_oltre_max_km
202425,0.346,42,statale,SCUOLA PRIMARIA,1,SIEE81204L,VIA MARTIRI MONTEMAGGIO,CASTELLINA IN CHIANTI,SIENA,TOSCANA,SCUOLA PRIMARIA,,2,capacita_esaurita_o_oltre_max_km
202425,0.346,42,statale,SCUOLA PRIMARIA,1,SVEE80206N,PRIMARIA DI CENGIO COLOMBARDO,CENGIO,SAVONA,LIGURIA,SCUOLA PRIMARIA,,4,capacita_esaurita_o_oltre_max_km
202425,0.346,42,statale,SCUOLA PRIMARIA,1,MNEE805015,GOITO,GOITO,MANTOVA,LOMBARDIA,SCUOLA PRIMARIA,,4,capacita_esaurita_o_oltre_max_km
202425,0.346,42,statale,SCUOLA PRIMARIA,1,MOEE81903T,"""P.GIANNONE"" CAMPOSANTO",CAMPOSANTO,MODENA,EMILIA ROMAGNA,SCUOLA PRIMARIA,,4,capacita_esaurita_o_oltre_max_km
202425,0.346,42,statale,SCUOLA PRIMARIA,1,PCEE81702G,"""TINA PESARO""",CASTEL SAN GIOVANNI,PIACENZA,EMILIA ROMAGNA,SCUOLA PRIMARIA,,12,capacita_esaurita_o_oltre_max_km
202425,0.346,42,statale,SCUOLA PRIMARIA,1,MNEE820017,"OSTIGLIA ""C.COLLODI""",OSTIGLIA,MANTOVA,LOMBARDIA,SCUOLA PRIMARIA,,5,capacita_esaurita_o_oltre_max_km
202425,0.346,42,statale,SCUOLA PRIMARIA,1,RGEE81402N,FALCONE BORSELLINO,SANTA CROCE CAMERINA,RAGUSA,SICILIA,SCUOLA PRIMARIA,,5,capacita_esaurita_o_oltre_max_km
202425,0.346,42,statale,SCUOLA PRIMARIA,1,BGEE89602A,"ROMANO DI LOMBARDIA ""MOTTINI""",ROMANO DI LOMBARDIA,BERGAMO,LOMBARDIA,SCUOLA PRIMARIA,,4,capacita_esaurita_o_oltre_max_km
202425,0.346,42,statale,SCUOLA PRIMARIA,1,FEEE825043,VIA.L.BENETTI-RO FERRARESE,RIVA DEL PO,FERRARA,EMILIA ROMAGNA,SCUOLA PRIMARIA,,1,capacita_esaurita_o_oltre_max_km
202425,0.346,42,statale,SCUOLA PRIMARIA,1,MNEE81004Q,PRIMARIA BORGOFORTE,BORGO VIRGILIO,MANTOVA,LOMBARDIA,SCUOLA PRIMARIA,,1,capacita_esaurita_o_oltre_max_km
202425,0.346,42,statale,SCUOLA PRIMARIA,1,POEE811019,CARLO E MARIA TERESA ARMELLINI,VERNIO,PRATO,TOSCANA,SCUOLA PRIMARIA,,3,capacita_esaurita_o_oltre_max_km
202425,0.346,42,statale,SCUOLA PRIMARIA,1,PVEE80901N,SANNAZZARO SAN FRANCESCO,SANNAZZARO DE' BURGONDI,PAVIA,LOMBARDIA,SCUOLA PRIMARIA,,3,capacita_esaurita_o_oltre_max_km
202425,0.346,42,statale,SCUOLA PRIMARIA,1,RGEE80202B,LEONARDO SCIASCIA,VITTORIA,RAGUSA,SICILIA,SCUOLA PRIMARIA,,3,capacita_esaurita_o_oltre_max_km
202425,0.346,42,statale,SCUOLA PRIMARIA,1,RAEE81802X,"""GINNASI ALESSANDRO""",CASTEL BOLOGNESE,RAVENNA,EMILIA ROMAGNA,SCUOLA PRIMARIA,,3,capacita_esaurita_o_oltre_max_km
202425,0.346,42,statale,SCUOLA PRIMARIA,1,PVEE81701L,MORTARA,MORTARA,PAVIA,LOMBARDIA,SCUOLA PRIMARIA,,11,capacita_esaurita_o_oltre_max_km
202425,0.346,42,statale,SCUOLA PRIMARIA,1,MOEE06001B,"""G.MAZZINI"" VIGNOLA",VIGNOLA,MODENA,EMILIA ROMAGNA,SCUOLA PRIMARIA,,2,capacita_esaurita_o_oltre_max_km
202425,0.346,42,statale,SCUOLA PRIMARIA,1,PVEE800017,SC. PRIM. S. MARIA DELLA VERSA,SANTA MARIA DELLA VERSA,PAVIA,LOMBARDIA,SCUOLA PRIMARIA,,2,capacita_esaurita_o_oltre_max_km
202425,0.346,42,statale,SCUOLA PRIMARIA,1,FGEE83802N,BEATO PIER GIORGIO FRASSATI,ORDONA,FOGGIA,PUGLIA,SCUOLA PRIMARIA,,2,capacita_esaurita_o_oltre_max_km
202425,0.346,42,statale,SCUOLA PRIMARIA,1,MNEE82004A,"REVERE ""DON B. GRAZIOLI""",BORGO MANTOVANO,MANTOVA,LOMBARDIA,SCUOLA PRIMARIA,,2,capacita_esaurita_o_oltre_max_km
202425,0.346,42,statale,SCUOLA PRIMARIA,1,ROEE80003P,PANZACCHI ENRICO - CASTELMASSA,CASTELMASSA,ROVIGO,VENETO,SCUOLA PRIMARIA,,2,capacita_esaurita_o_oltre_max_km
202425,0.346,42,statale,SCUOLA PRIMARIA,1,GREE81901C,SCUOLA PRIMARIA ROCCASTRADA,ROCCASTRADA,GROSSETO,TOSCANA,SCUOLA PRIMARIA,,3,capacita_esaurita_o_oltre_max_km
202425,0.346,42,statale,SCUOLA PRIMARIA,1,MNEE827012,CASTELLUCCHIO,CASTELLUCCHIO,MANTOVA,LOMBARDIA,SCUOLA PRIMARIA,,1,capacita_esaurita_o_oltre_max_km
202425,0.346,42,statale,SCUOLA PRIMARIA,1,PCEE80801Q,BORGONOVO - CAPOLUOGO,BORGONOVO VAL TIDONE,PIACENZA,EMILIA ROMAGNA,SCUOLA PRIMARIA,,1,capacita_esaurita_o_oltre_max_km
202425,0.346,42,statale,SCUOLA PRIMARIA,1,BSEE87701C,PRIMARIA UGOLINI BRESCIA,BRESCIA,BRESCIA,LOMBARDIA,SCUOLA PRIMARIA,,3,capacita_esaurita_o_oltre_max_km
202425,0.346,42,statale,SCUOLA PRIMARIA,1,BGEE898022,"ROMANO DI LOMBARDIA ""G.PASCOLI""",ROMANO DI LOMBARDIA,BERGAMO,LOMBARDIA,SCUOLA PRIMARIA,,5,capacita_esaurita_o_oltre_max_km
202425,0.346,42,statale,SCUOLA PRIMARIA,1,MNEE80206V,PRIMARIA - PIUBEGA,PIUBEGA,MANTOVA,LOMBARDIA,SCUOLA PRIMARIA,,2,capacita_esaurita_o_oltre_max_km
202425,0.346,42,statale,SCUOLA PRIMARIA,1,ALEE83602C,"ACQUI TERME ""G.SARACCO""",ACQUI TERME,ALESSANDRIA,PIEMONTE,SCUOLA PRIMARIA,,6,capacita_esaurita_o_oltre_max_km
202425,0.346,42,statale,SCUOLA PRIMARIA,1,PREE82201V,BUSSETO CPL,BUSSETO,PARMA,EMILIA ROMAGNA,SCUOLA PRIMARIA,,4,capacita_esaurita_o_oltre_max_km
202425,0.346,42,statale,SCUOLA PRIMARIA,1,PREE822031,POLESINE - ZIBELLO,POLESINE ZIBELLO,PARMA,EMILIA ROMAGNA,SCUOLA PRIMARIA,,2,capacita_esaurita_o_oltre_max_km
202425,0.346,42,statale,SCUOLA PRIMARIA,1,MOEE83502P,"""C.A. DALLA CHIESA "" MASSA FIN.",FINALE EMILIA,MODENA,EMILIA ROMAGNA,SCUOLA PRIMARIA,,4,capacita_esaurita_o_oltre_max_km
202425,0.346,42,statale,SCUOLA PRIMARIA,1,GREE81101T,"CASTELDELPIANO CAP.""L.SANTUCCI""",CASTEL DEL PIANO,GROSSETO,TOSCANA,SCUOLA PRIMARIA,,1,capacita_esaurita_o_oltre_max_km
202425,0.346,42,statale,SCUOLA PRIMARIA,1,MOEE81901Q,"""L.A. MURATORI "" SAN FELICE S/P",SAN FELICE SUL PANARO,MODENA,EMILIA ROMAGNA,SCUOLA PRIMARIA,,3,capacita_esaurita_o_oltre_max_km
202425,0.346,42,statale,SCUOLA PRIMARIA,1,MNEE818039,"CASTELBELFORTE ""M. DI BELFIORE""",CASTELBELFORTE,MANTOVA,LOMBARDIA,SCUOLA PRIMARIA,,2,capacita_esaurita_o_oltre_max_km
202425,0.346,42,statale,SCUOLA PRIMARIA,1,TVEE88103L,S. PIO X - MEDUNA DI L.,MEDUNA DI LIVENZA,TREVISO,VENETO,SCUOLA PRIMARIA,,1,capacita_esaurita_o_oltre_max_km
202425,0.346,42,statale,SCUOLA PRIMARIA,1,BOEE82701R,R. BONFIGLIOLI - I.C. MINERBIO,MINERBIO,BOLOGNA,EMILIA ROMAGNA,SCUOLA PRIMARIA,,2,capacita_esaurita_o_oltre_max_km
202425,0.346,42,statale,SCUOLA PRIMARIA,1,MOEE80501T,"""ANNA FRANK"" NOVI DI MODENA",NOVI DI MODENA,MODENA,EMILIA ROMAGNA,SCUOLA PRIMARIA,,3,capacita_esaurita_o_oltre_max_km
202425,0.346,42,statale,SCUOLA PRIMARIA,1,BOEE81106C,GIOVANNI XXIII,LIZZANO IN BELVEDERE,BOLOGNA,EMILIA ROMAGNA,SCUOLA PRIMARIA,,1,capacita_esaurita_o_oltre_max_km
202425,0.346,42,statale,SCUOLA PRIMARIA,1,SAEE8BM09A,CORLETO MONFORTE CAP. P.P.,CORLETO MONFORTE,SALERNO,CAMPANIA,SCUOLA PRIMARIA,,1,capacita_esaurita_o_oltre_max_km
202425,0.346,42,statale,SCUOLA PRIMARIA,1,SVEE80201C,PRIMARIA DI MILLESIMO CAPOLUOGO,MILLESIMO,SAVONA,LIGURIA,SCUOLA PRIMARIA,,1,capacita_esaurita_o_oltre_max_km
202425,0.346,42,statale,SCUOLA PRIMARIA,1,LOEE807054,PRIMARIA - SALVO D'ACQUISTO,OSPEDALETTO LODIGIANO,LODI,LOMBARDIA,SCUOLA PRIMARIA,,2,capacita_esaurita_o_oltre_max_km
202425,0.346,42,statale,SCUOLA PRIMARIA,1,PCEE81101G,"""PIERA BAIARDI""",PIANELLO VAL TIDONE,PIACENZA,EMILIA ROMAGNA,SCUOLA PRIMARIA,,1,capacita_esaurita_o_oltre_max_km
202425,0.346,42,statale,SCUOLA PRIMARIA,1,FEEE82603T,"""G.GONELLI""-MIRABELLO",TERRE DEL RENO,FERRARA,EMILIA ROMAGNA,SCUOLA PRIMARIA,,2,capacita_esaurita_o_oltre_max_km
202425,0.346,42,statale,SCUOLA PRIMARIA,1,PGEE871068,MASSA MARTANA VIALE EUROPA,MASSA MARTANA,PERUGIA,UMBRIA,SCUOLA PRIMARIA,,2,capacita_esaurita_o_oltre_max_km
202425,0.346,42,statale,SCUOLA PRIMARIA,1,PVEE801035,PIEVE PORTO MORONE,PIEVE PORTO MORONE,PAVIA,LOMBARDIA,SCUOLA PRIMARIA,,2,capacita_esaurita_o_oltre_max_km
202425,0.346,42,statale,SCUOLA PRIMARIA,1,PCEE80901G,FRAZ. ROVELETO,CADEO,PIACENZA,EMILIA ROMAGNA,SCUOLA PRIMARIA,,6,capacita_esaurita_o_oltre_max_km
202425,0.346,42,statale,SCUOLA PRIMARIA,1,BSEE894049,SENIGA.CAP,SENIGA,BRESCIA,LOMBARDIA,SCUOLA PRIMARIA,,1,capacita_esaurita_o_oltre_max_km
202425,0.346,42,statale,SCUOLA PRIMARIA,1,CBEE82503Q,"""CAMPODIPIETRA CAPOLUOGO""",CAMPODIPIETRA,CAMPOBASSO,MOLISE,SCUOLA PRIMARIA,,1,capacita_esaurita_o_oltre_max_km
202425,0.346,42,statale,SCUOLA PRIMARIA,1,FEEE81502A,"""MARIO CAPUZZO""-PONTELANGORINO",CODIGORO,FERRARA,EMILIA ROMAGNA,SCUOLA PRIMARIA,,1,capacita_esaurita_o_oltre_max_km
202425,0.346,42,statale,SCUOLA PRIMARIA,1,LUEE84307E,PRIMARIA POLO MARGHERITA HACK,PESCAGLIA,LUCCA,TOSCANA,SCUOLA PRIMARIA,,1,capacita_esaurita_o_oltre_max_km
202425,0.346,42,statale,SCUOLA PRIMARIA,1,MCEE820038,DE AMICIS,PIEVE TORINA,MACERATA,MARCHE,SCUOLA PRIMARIA,,1,capacita_esaurita_o_oltre_max_km
202425,0.346,42,statale,SCUOLA PRIMARIA,1,MNEE82402G,SCUOLA PRIMARIA FOCHESSATI,MOTTEGGIANA,MANTOVA,LOMBARDIA,SCUOLA PRIMARIA,,3,capacita_esaurita_o_oltre_max_km
202425,0.346,42,statale,SCUOLA PRIMARIA,1,MNEE82503C,"SCUOLA PRIMARIA ""L. GONELLA""",SUZZARA,MANTOVA,LOMBARDIA,SCUOLA PRIMARIA,,6,capacita_esaurita_o_oltre_max_km
202425,0.346,42,statale,SCUOLA PRIMARIA,1,MNEE827067,RIVALTA PRIMARIA A.M.GUASTALLA,RODIGO,MANTOVA,LOMBARDIA,SCUOLA PRIMARIA,,1,capacita_esaurita_o_oltre_max_km
202425,0.346,42,statale,SCUOLA PRIMARIA,1,PCEE81801A,FIORENZUOLA - CAPOLUOGO,FIORENZUOLA D'ARDA,PIACENZA,EMILIA ROMAGNA,SCUOLA PRIMARIA,,7,capacita_esaurita_o_oltre_max_km
202425,0.346,42,statale,SCUOLA PRIMARIA,1,PREE805015,"""ELSA MORANTE"" LOC. TRECASALI",SISSA TRECASALI,PARMA,EMILIA ROMAGNA,SCUOLA PRIMARIA,,2,capacita_esaurita_o_oltre_max_km
202425,0.346,42,statale,SCUOLA PRIMARIA,1,SIEE80503C,L. BONAZIA,SINALUNGA,SIENA,TOSCANA,SCUOLA PRIMARIA,,2,capacita_esaurita_o_oltre_max_km
202425,0.346,42,statale,SCUOLA PRIMARIA,1,VREE84902B,BRENTINO B. VALLAGARINA,BRENTINO BELLUNO,VERONA,VENETO,SCUOLA PRIMARIA,,1,capacita_esaurita_o_oltre_max_km
202425,0.346,42,statale,SCUOLA PRIMARIA,1,REEE82902R,ROLO CAP.,ROLO,REGGIO EMILIA,EMILIA ROMAGNA,SCUOLA PRIMARIA,,2,capacita_esaurita_o_oltre_max_km
202425,0.346,42,statale,SCUOLA PRIMARIA,1,PNEE82601A,"SPILIMBERGO ""G.B.CAVEDALIS""",SPILIMBERGO,PORDENONE,FRIULI-VENEZIA G.,SCUOLA PRIMARIA,,6,capacita_esaurita_o_oltre_max_km
202425,0.346,42,statale,SCUOLA PRIMARIA,1,LIEE80802G,"""MARGHERITA HACK""",CASTAGNETO CARDUCCI,LIVORNO,TOSCANA,SCUOLA PRIMARIA,,1,capacita_esaurita_o_oltre_max_km
202425,0.346,42,statale,SCUOLA PRIMARIA,1,RMEE86602N,CAMPAGNANO,CAMPAGNANO DI ROMA,ROMA,LAZIO,SCUOLA PRIMARIA,,1,capacita_esaurita_o_oltre_max_km
202425,0.346,42,statale,SCUOLA PRIMARIA,1,PCEE002052,SAN LAZZARO ALBERONI,PIACENZA,PIACENZA,EMILIA ROMAGNA,SCUOLA PRIMARIA,,1,capacita_esaurita_o_oltre_max_km
202425,0.346,42,statale,SCUOLA PRIMARIA,1,ATEE81003A,SCUOLA PRIMARIA MONALE,MONALE,ASTI,PIEMONTE,SCUOLA PRIMARIA,,2,capacita_esaurita_o_oltre_max_km
202425,0.346,42,statale,SCUOLA PRIMARIA,1,PREE82305V,"CALESTANO ""VERTI-OLLARI""",CALESTANO,PARMA,EMILIA ROMAGNA,SCUOLA PRIMARIA,,1,capacita_esaurita_o_oltre_max_km
202425,0.346,42,statale,SCUOLA PRIMARIA,1,PREE805037,"""GUGLIELMO MARCONI"" - LOC. SIS",SISSA TRECASALI,PARMA,EMILIA ROMAGNA,SCUOLA PRIMARIA,,4,capacita_esaurita_o_oltre_max_km
202425,0.346,42,statale,SCUOLA PRIMARIA,1,BGEE898011,"ROMANO DI LOMBARDIA ""DE AMICIS""",ROMANO DI LOMBARDIA,BERGAMO,LOMBARDIA,SCUOLA PRIMARIA,,1,capacita_esaurita_o_oltre_max_km
202425,0.346,42,statale,SCUOLA PRIMARIA,1,BSEE82401X,"LONATO CAP. ""DON L. MILANI""",LONATO DEL GARDA,BRESCIA,LOMBARDIA,SCUOLA PRIMARIA,,2,capacita_esaurita_o_oltre_max_km
202425,0.346,42,statale,SCUOLA PRIMARIA,1,FGEE83801L,VIA VERDI,STORNARELLA,FOGGIA,PUGLIA,SCUOLA PRIMARIA,,4,capacita_esaurita_o_oltre_max_km
202425,0.346,42,statale,SCUOLA PRIMARIA,1,MNEE80101T,ACQUANEGRA SUL CHIESE V. LOCCHI,ACQUANEGRA SUL CHIESE,MANTOVA,LOMBARDIA,SCUOLA PRIMARIA,,1,capacita_esaurita_o_oltre_max_km
202425,0.346,42,statale,SCUOLA PRIMARIA,1,VREE84601V,"""EDERLE C.""-VILLABARTOLOMEA",VILLA BARTOLOMEA,VERONA,VENETO,SCUOLA PRIMARIA,,1,capacita_esaurita_o_oltre_max_km
202425,0.346,42,statale,SCUOLA PRIMARIA,1,VCEE80002N,TRINO CAPOLUOGO,TRINO,VERCELLI,PIEMONTE,SCUOLA PRIMARIA,,1,capacita_esaurita_o_oltre_max_km
202425,0.346,42,statale,SCUOLA PRIMARIA,1,CNEE80701Q,BENE VAGIENNA-CAPOLUOGO,BENE VAGIENNA,CUNEO,PIEMONTE,SCUOLA PRIMARIA,,2,capacita_esaurita_o_oltre_max_km
202425,0.346,42,statale,SCUOLA PRIMARIA,1,CREE81001B,CASALBUTTANO CAP.,CASALBUTTANO ED UNITI,CREMONA,LOMBARDIA,SCUOLA PRIMARIA,,1,capacita_esaurita_o_oltre_max_km
202425,0.346,42,statale,SCUOLA PRIMARIA,1,FEEE82605X,VIA RISORGIMENTO-S.CARLO,TERRE DEL RENO,FERRARA,EMILIA ROMAGNA,SCUOLA PRIMARIA,,1,capacita_esaurita_o_oltre_max_km
202425,0.346,42,statale,SCUOLA PRIMARIA,1,FGEE84601G,LOCAL.TRESSANTI,CERIGNOLA,FOGGIA,PUGLIA,SCUOLA PRIMARIA,,2,capacita_esaurita_o_oltre_max_km
202425,0.346,42,statale,SCUOLA PRIMARIA,1,RAEE82101P,LUIGI BATTAGLIA,FUSIGNANO,RAVENNA,EMILIA ROMAGNA,SCUOLA PRIMARIA,,1,capacita_esaurita_o_oltre_max_km
202425,0.346,42,statale,SCUOLA PRIMARIA,1,BGEE83204D,CIVIDATE AL PIANO,CIVIDATE AL PIANO,BERGAMO,LOMBARDIA,SCUOLA PRIMARIA,,2,capacita_esaurita_o_oltre_max_km
202425,0.346,42,statale,SCUOLA PRIMARIA,1,FGEE83701R,STORNARA,STORNARA,FOGGIA,PUGLIA,SCUOLA PRIMARIA,,1,capacita_esaurita_o_oltre_max_km
202425,0.346,42,statale,SCUOLA PRIMARIA,1,CSEE84907B,CAMPANA IC,CAMPANA,COSENZA,CALABRIA,SCUOLA PRIMARIA,,1,capacita_esaurita_o_oltre_max_km
202425,0.346,42,statale,SCUOLA PRIMARIA,1,PCEE805018,CORTEMAGGIORE - CAPOLUOGO,CORTEMAGGIORE,PIACENZA,EMILIA ROMAGNA,SCUOLA PRIMARIA,,3,capacita_esaurita_o_oltre_max_km
202425,0.346,42,statale,SCUOLA PRIMARIA,1,PCEE00305T,PIETRO GIORDANI,PIACENZA,PIACENZA,EMILIA ROMAGNA,SCUOLA PRIMARIA,,3,capacita_esaurita_o_oltre_max_km
202425,0.346,42,statale,SCUOLA PRIMARIA,1,MNEE81505X,"CASTELDARIO ""G. CARDUCCI""",CASTEL D'ARIO,MANTOVA,LOMBARDIA,SCUOLA PRIMARIA,,1,capacita_esaurita_o_oltre_max_km
202425,0.346,42,statale,SCUOLA PRIMARIA,1,TOEE81401B,I.C. PONT C.SE CADUTI LIBERTA',PONT-CANAVESE,TORINO,PIEMONTE,SCUOLA PRIMARIA,,1,capacita_esaurita_o_oltre_max_km
202425,0.346,42,statale,SCUOLA PRIMARIA,1,RAEE808018,"""FORESTI F.""",CONSELICE,RAVENNA,EMILIA ROMAGNA,SCUOLA PRIMARIA,,2,capacita_esaurita_o_oltre_max_km
202425,0.346,42,statale,SCUOLA PRIMARIA,1,PNEE835026,SCUOLA PRIMARIA E.DE AMICIS,SAN GIORGIO DELLA RICHINVELDA,PORDENONE,FRIULI-VENEZIA G.,SCUOLA PRIMARIA,,1,capacita_esaurita_o_oltre_max_km
202425,0.346,42,statale,SCUOLA PRIMARIA,1,VEEE87303N,VIA VIRGILIO,VENEZIA,VENEZIA,VENETO,SCUOLA PRIMARIA,,3,capacita_esaurita_o_oltre_max_km
202425,0.346,42,statale,SCUOLA PRIMARIA,1,PCEE00401D,E.DE AMICIS,PIACENZA,PIACENZA,EMILIA ROMAGNA,SCUOLA PRIMARIA,,2,capacita_esaurita_o_oltre_max_km
202425,0.346,42,statale,SCUOLA PRIMARIA,1,SAEE81901E,CIOFFI,EBOLI,SALERNO,CAMPANIA,SCUOLA PRIMARIA,,1,capacita_esaurita_o_oltre_max_km
202425,0.346,42,statale,SCUOLA PRIMARIA,1,FEEE802017,"""C.BATTISTI""-BONDENO",BONDENO,FERRARA,EMILIA ROMAGNA,SCUOLA PRIMARIA,,3,capacita_esaurita_o_oltre_max_km
202425,0.346,42,statale,SCUOLA PRIMARIA,1,PVEE83203R,MARAZZANI,VIGEVANO,PAVIA,LOMBARDIA,SCUOLA PRIMARIA,,1,capacita_esaurita_o_oltre_max_km
202425,0.346,42,statale,SCUOLA PRIMARIA,1,SIEE80501A,PIEVE,SINALUNGA,SIENA,TOSCANA,SCUOLA PRIMARIA,,1,capacita_esaurita_o_oltre_max_km
202425,0.346,42,statale,SCUOLA PRIMARIA,1,PCEE806036,"""L.TONCINI""",CAORSO,PIACENZA,EMILIA ROMAGNA,SCUOLA PRIMARIA,,1,capacita_esaurita_o_oltre_max_km
202425,0.346,42,statale,SCUOLA PRIMARIA,1,BLEE81803R,SAN VITO DI CADORE,SAN VITO DI CADORE,BELLUNO,VENETO,SCUOLA PRIMARIA,,1,capacita_esaurita_o_oltre_max_km
202425,0.346,42,statale,SCUOLA PRIMARIA,1,CNEE834025,REVELLO - CAPOLUOGO,REVELLO,CUNEO,PIEMONTE,SCUOLA PRIMARIA,,2,capacita_esaurita_o_oltre_max_km
202425,0.346,42,statale,SCUOLA PRIMARIA,1,FEEE808016,VIA MASI-S.BARTOLOMEO IN B.,FERRARA,FERRARA,EMILIA ROMAGNA,SCUOLA PRIMARIA,,1,capacita_esaurita_o_oltre_max_km
202425,0.346,42,statale,SCUOLA PRIMARIA,1,FIEE81403V,"DICOMANO ""PASCOLI""",DICOMANO,FIRENZE,TOSCANA,SCUOLA PRIMARIA,,1,capacita_esaurita_o_oltre_max_km
202425,0.346,42,statale,SCUOLA PRIMARIA,1,FREE84504X,I.C. 2 ANAGNI SGURGOLA PRIM.,SGURGOLA,FROSINONE,LAZIO,SCUOLA PRIMARIA,,1,capacita_esaurita_o_oltre_max_km
202425,0.346,42,statale,SCUOLA PRIMARIA,1,MCEE80203P,P.ZZA DANTE ALIGHIERI,PIORACO,MACERATA,MARCHE,SCUOLA PRIMARIA,,1,capacita_esaurita_o_oltre_max_km
202425,0.346,42,statale,SCUOLA PRIMARIA,1,PVEE814026,"LINAROLO ""G. CORDONE""",LINAROLO,PAVIA,LOMBARDIA,SCUOLA PRIMARIA,,1,capacita_esaurita_o_oltre_max_km
202425,0.346,42,statale,SCUOLA PRIMARIA,1,PREE80701R,COLORNO,COLORNO,PARMA,EMILIA ROMAGNA,SCUOLA PRIMARIA,,1,capacita_esaurita_o_oltre_max_km
202425,0.346,42,statale,SCUOLA PRIMARIA,1,PREE84001C,"""COLLODI""",FIDENZA,PARMA,EMILIA ROMAGNA,SCUOLA PRIMARIA,,2,capacita_esaurita_o_oltre_max_km
202425,0.346,42,statale,SCUOLA PRIMARIA,1,CNEE83802C,CAVALLERMAGGIORE - CAPOLUOGO,CAVALLERMAGGIORE,CUNEO,PIEMONTE,SCUOLA PRIMARIA,,2,capacita_esaurita_o_oltre_max_km
202425,0.346,42,statale,SCUOLA PRIMARIA,1,FOEE80801P,CASTROCARO DOTT. S. SERRI PINI,CASTROCARO TERME E TERRA DEL S,FORLI'-CESENA,EMILIA ROMAGNA,SCUOLA PRIMARIA,,2,capacita_esaurita_o_oltre_max_km
202425,0.346,42,statale,SCUOLA PRIMARIA,1,BOEE825026,PRIMARIA BRUNO MUNARI BARICELLA,BARICELLA,BOLOGNA,EMILIA ROMAGNA,SCUOLA PRIMARIA,,2,capacita_esaurita_o_oltre_max_km
202425,0.346,42,statale,SCUOLA PRIMARIA,1,VTEE805017,MONTALTO DI CASTRO,MONTALTO DI CASTRO,VITERBO,LAZIO,SCUOLA PRIMARIA,,1,capacita_esaurita_o_oltre_max_km
202425,0.346,42,statale,SCUOLA PRIMARIA,1,FEEE815019,"""B.BIOLCATI""-CODIGORO",CODIGORO,FERRARA,EMILIA ROMAGNA,SCUOLA PRIMARIA,,1,capacita_esaurita_o_oltre_max_km
202425,0.346,42,statale,SCUOLA PRIMARIA,1,FEEE82604V,V.LE EUROPA - SANT'AGOSTINO,TERRE DEL RENO,FERRARA,EMILIA ROMAGNA,SCUOLA PRIMARIA,,1,capacita_esaurita_o_oltre_max_km
202425,0.346,42,statale,SCUOLA PRIMARIA,1,MCEE819012,LUCA SERI,MOGLIANO,MACERATA,MARCHE,SCUOLA PRIMARIA,,1,capacita_esaurita_o_oltre_max_km
202425,0.346,42,statale,SCUOLA PRIMARIA,1,PREE818017,"SAN POLO ""GIUSEPPE VERDI""",TORRILE,PARMA,EMILIA ROMAGNA,SCUOLA PRIMARIA,,1,capacita_esaurita_o_oltre_max_km
202425,0.346,42,statale,SCUOLA PRIMARIA,1,PREE820017,"SALSOMAGGIORE ""D'ANNUNZIO""",SALSOMAGGIORE TERME,PARMA,EMILIA ROMAGNA,SCUOLA PRIMARIA,,1,capacita_esaurita_o_oltre_max_km
202425,0.346,42,statale,SCUOLA PRIMARIA,1,BSEE823036,"BARBARIGA ""A.MANZONI""",BARBARIGA,BRESCIA,LOMBARDIA,SCUOLA PRIMARIA,,1,capacita_esaurita_o_oltre_max_km
202425,0.346,42,statale,SCUOLA PRIMARIA,1,PREE813036,FONTEVIVO CPL,FONTEVIVO,PARMA,EMILIA ROMAGNA,SCUOLA PRIMARIA,,1,capacita_esaurita_o_oltre_max_km
202425,0.346,42,statale,SCUOLA PRIMARIA,1,BSEE8AN037,"MONTICHIARI LOC. ""BORGOSOTTO""",MONTICHIARI,BRESCIA,LOMBARDIA,SCUOLA PRIMARIA,,1,capacita_esaurita_o_oltre_max_km
202425,0.346,42,statale,SCUOLA PRIMARIA,1,CREE81402Q,"""EUROPA"" (CALVATONE)",CALVATONE,CREMONA,LOMBARDIA,SCUOLA PRIMARIA,,1,capacita_esaurita_o_oltre_max_km
202425,0.346,42,statale,SCUOLA SECONDARIA I GRADO,1,GOMM80301P,GIACICH EZIO,MONFALCONE,GORIZIA,FRIULI-VENEZIA G.,SCUOLA PRIMO GRADO,,4,capacita_esaurita_o_oltre_max_km
202425,0.346,42,statale,SCUOLA SECONDARIA I GRADO,1,CRMM80001Q,"""GIACOMO BERTESI"" (SORESINA)",SORESINA,CREMONA,LOMBARDIA,SCUOLA PRIMO GRADO,,18,capacita_esaurita_o_oltre_max_km
202425,0.346,42,statale,SCUOLA SECONDARIA I GRADO,1,LOMM81501T,SEC.I GRADO S.FRANCESCA CABRINI,SANT'ANGELO LODIGIANO,LODI,LOMBARDIA,SCUOLA PRIMO GRADO,,14,capacita_esaurita_o_oltre_max_km
202425,0.346,42,statale,SCUOLA SECONDARIA I GRADO,1,PRMM83801B,"LANGHIRANO - ""E. FERMI""",LANGHIRANO,PARMA,EMILIA ROMAGNA,SCUOLA PRIMO GRADO,,7,capacita_esaurita_o_oltre_max_km
202425,0.346,42,statale,SCUOLA SECONDARIA I GRADO,1,FEMM824013,SCUOLA MEDIA - PORTOMAGGIORE,PORTOMAGGIORE,FERRARA,EMILIA ROMAGNA,SCUOLA PRIMO GRADO,,16,capacita_esaurita_o_oltre_max_km
202425,0.346,42,statale,SCUOLA SECONDARIA I GRADO,1,GOMM80401E,RANDACCIO GIOVANNI,MONFALCONE,GORIZIA,FRIULI-VENEZIA G.,SCUOLA PRIMO GRADO,,12,capacita_esaurita_o_oltre_max_km
202425,0.346,42,statale,SCUOLA SECONDARIA I GRADO,1,SIMM807022,RITA LEVI MONTALCINI,MONTICIANO,SIENA,TOSCANA,SCUOLA PRIMO GRADO,,2,capacita_esaurita_o_oltre_max_km
202425,0.346,42,statale,SCUOLA SECONDARIA I GRADO,1,MNMM83002T,SCUOLA MEDIA SAN MATTEO D/C,VIADANA,MANTOVA,LOMBARDIA,SCUOLA PRIMO GRADO,,4,capacita_esaurita_o_oltre_max_km
202425,0.346,42,statale,SCUOLA SECONDARIA I GRADO,1,MTMM83404N,"""GIOVANNI XXIII""- ROTONDELLA",ROTONDELLA,MATERA,BASILICATA,SCUOLA PRIMO GRADO,,1,capacita_esaurita_o_oltre_max_km
202425,0.346,42,statale,SCUOLA SECONDARIA I GRADO,1,IMMM800027,"PONTEDASSIO ""G.NATTA""",PONTEDASSIO,IMPERIA,LIGURIA,SCUOLA PRIMO GRADO,,9,capacita_esaurita_o_oltre_max_km
202425,0.346,42,statale,SCUOLA SECONDARIA I GRADO,1,PVMM80803V,FELICE RESSICO - PALESTRO,PALESTRO,PAVIA,LOMBARDIA,SCUOLA PRIMO GRADO,,1,capacita_esaurita_o_oltre_max_km
202425,0.346,42,statale,SCUOLA SECONDARIA I GRADO,1,GRMM81903D,"ROCCASTRADA - ""G.GOZZANO""",ROCCASTRADA,GROSSETO,TOSCANA,SCUOLA PRIMO GRADO,,2,capacita_esaurita_o_oltre_max_km
202425,0.346,42,statale,SCUOLA SECONDARIA I GRADO,1,PRMM826015,"""L. VICINI"" - PARMA",PARMA,PARMA,EMILIA ROMAGNA,SCUOLA PRIMO GRADO,,2,capacita_esaurita_o_oltre_max_km
202425,0.346,42,statale,SCUOLA SECONDARIA I GRADO,1,PIMM824026,E.FERMI,CASTELNUOVO DI VAL DI CECINA,PISA,TOSCANA,SCUOLA PRIMO GRADO,,3,capacita_esaurita_o_oltre_max_km
202425,0.346,42,statale,SCUOLA SECONDARIA I GRADO,1,PVMM801034,CORTEOLONA E GENZONE,CORTEOLONA E GENZONE,PAVIA,LOMBARDIA,SCUOLA PRIMO GRADO,,3,capacita_esaurita_o_oltre_max_km
202425,0.346,42,statale,SCUOLA SECONDARIA I GRADO,1,PCMM00300G,"""FAUSTINI-FRANK-NICOLINI""",PIACENZA,PIACENZA,EMILIA ROMAGNA,SCUOLA PRIMO GRADO,,6,capacita_esaurita_o_oltre_max_km
202425,0.346,42,statale,SCUOLA SECONDARIA I GRADO,1,PCMM00200Q,SMS DANTE - CARDUCCI,PIACENZA,PIACENZA,EMILIA ROMAGNA,SCUOLA PRIMO GRADO,,42,capacita_esaurita_o_oltre_max_km
202425,0.346,42,statale,SCUOLA SECONDARIA I GRADO,1,RMMM8G7012,SANTA PALOMBA,POMEZIA,ROMA,LAZIO,SCUOLA PRIMO GRADO,,3,capacita_esaurita_o_oltre_max_km
202425,0.346,42,statale,SCUOLA SECONDARIA I GRADO,1,RGMM802019,LEONARDO SCIASCIA,VITTORIA,RAGUSA,SICILIA,SCUOLA PRIMO GRADO,,7,capacita_esaurita_o_oltre_max_km
202425,0.346,42,statale,SCUOLA SECONDARIA I GRADO,1,MCMM821011,L.LOTTO,MONTE SAN GIUSTO,MACERATA,MARCHE,SCUOLA PRIMO GRADO,,3,capacita_esaurita_o_oltre_max_km
202425,0.346,42,statale,SCUOLA SECONDARIA I GRADO,1,BSMM86101T,G.DALE' - ROCCAFRANCA,ROCCAFRANCA,BRESCIA,LOMBARDIA,SCUOLA PRIMO GRADO,,4,capacita_esaurita_o_oltre_max_km
202425,0.346,42,statale,SCUOLA SECONDARIA I GRADO,1,BGMM832019,"S.M.S""MARTIRI RESISTENZA""CALCIO",CALCIO,BERGAMO,LOMBARDIA,SCUOLA PRIMO GRADO,,6,capacita_esaurita_o_oltre_max_km
202425,0.346,42,statale,SCUOLA SECONDARIA I GRADO,1,AQMM82101C,""" IGNAZIO SILONE """,LUCO DEI MARSI,L'AQUILA,ABRUZZO,SCUOLA PRIMO GRADO,,2,capacita_esaurita_o_oltre_max_km
202425,0.346,42,statale,SCUOLA SECONDARIA I GRADO,1,GRMM815036,MONTIERI,MONTIERI,GROSSETO,TOSCANA,SCUOLA PRIMO GRADO,,1,capacita_esaurita_o_oltre_max_km
202425,0.346,42,statale,SCUOLA SECONDARIA I GRADO,1,PRMM839039,"SOLIGNANO - ""F. ZANETTI""",SOLIGNANO,PARMA,EMILIA ROMAGNA,SCUOLA PRIMO GRADO,,1,capacita_esaurita_o_oltre_max_km
202425,0.346,42,statale,SCUOLA SECONDARIA I GRADO,1,RGMM81401G,PSAUMIDE CAMARINENSE,SANTA CROCE CAMERINA,RAGUSA,SICILIA,SCUOLA PRIMO GRADO,,13,capacita_esaurita_o_oltre_max_km
202425,0.346,42,statale,SCUOLA SECONDARIA I GRADO,1,BSMM865015,SMS MORCELLI/TOSCANINI CHIARI,CHIARI,BRESCIA,LOMBARDIA,SCUOLA PRIMO GRADO,,13,capacita_esaurita_o_oltre_max_km
202425,0.346,42,statale,SCUOLA SECONDARIA I GRADO,1,PCMM81701D,"SCUOLA SEC. I GRADO ""G.MAZZINI""",CASTEL SAN GIOVANNI,PIACENZA,EMILIA ROMAGNA,SCUOLA PRIMO GRADO,,14,capacita_esaurita_o_oltre_max_km
202425,0.346,42,statale,SCUOLA SECONDARIA I GRADO,1,TVMM88002P,SMS MANSUE' (IC GORGO),MANSUE',TREVISO,VENETO,SCUOLA PRIMO GRADO,,7,capacita_esaurita_o_oltre_max_km
202425,0.346,42,statale,SCUOLA SECONDARIA I GRADO,1,PCMM818019,G. GATTI,FIORENZUOLA D'ARDA,PIACENZA,EMILIA ROMAGNA,SCUOLA PRIMO GRADO,,14,capacita_esaurita_o_oltre_max_km
202425,0.346,42,statale,SCUOLA SECONDARIA I GRADO,1,PVMM821017,BRONI - FERRINI,BRONI,PAVIA,LOMBARDIA,SCUOLA PRIMO GRADO,,14,capacita_esaurita_o_oltre_max_km
202425,0.346,42,statale,SCUOLA SECONDARIA I GRADO,1,BOMM86001B,MARCO POLO-CREVALCORE,CREVALCORE,BOLOGNA,EMILIA ROMAGNA,SCUOLA PRIMO GRADO,,11,capacita_esaurita_o_oltre_max_km
202425,0.346,42,statale,SCUOLA SECONDARIA I GRADO,1,IMMM81201C,M.NOVARO,IMPERIA,IMPERIA,LIGURIA,SCUOLA PRIMO GRADO,,7,capacita_esaurita_o_oltre_max_km
202425,0.346,42,statale,SCUOLA SECONDARIA I GRADO,1,POMM81501G,F.LIPPI,PRATO,PRATO,TOSCANA,SCUOLA PRIMO GRADO,,17,capacita_esaurita_o_oltre_max_km
202425,0.346,42,statale,SCUOLA SECONDARIA I GRADO,1,GRMM81102T,"ARCIDOSSO - ""G.CARDUCCI""",ARCIDOSSO,GROSSETO,TOSCANA,SCUOLA PRIMO GRADO,,6,capacita_esaurita_o_oltre_max_km
202425,0.346,42,statale,SCUOLA SECONDARIA I GRADO,1,GRMM81704V,"SCANSANO - ""B.CROCE""",SCANSANO,GROSSETO,TOSCANA,SCUOLA PRIMO GRADO,,1,capacita_esaurita_o_oltre_max_km
202425,0.346,42,statale,SCUOLA SECONDARIA I GRADO,1,PRMM82201T,DI BUSSETO,BUSSETO,PARMA,EMILIA ROMAGNA,SCUOLA PRIMO GRADO,,5,capacita_esaurita_o_oltre_max_km
202425,0.346,42,statale,SCUOLA SECONDARIA I GRADO,1,CNMM825029,CHERASCO SS NARZOLE,NARZOLE,CUNEO,PIEMONTE,SCUOLA PRIMO GRADO,,3,capacita_esaurita_o_oltre_max_km
202425,0.346,42,statale,SCUOLA SECONDARIA I GRADO,1,PVMM80802T,BOSCHI - CONFIENZA,CONFIENZA,PAVIA,LOMBARDIA,SCUOLA PRIMO GRADO,,1,capacita_esaurita_o_oltre_max_km
202425,0.346,42,statale,SCUOLA SECONDARIA I GRADO,1,LIMM81001D,"""MURATORI LODOVICO ANTONIO""",SUVERETO,LIVORNO,TOSCANA,SCUOLA PRIMO GRADO,,1,capacita_esaurita_o_oltre_max_km
202425,0.346,42,statale,SCUOLA SECONDARIA I GRADO,1,PSMM811031,"CARPEGNA ""G. O. FALCONIERI""",CARPEGNA,PESARO E URBINO,MARCHE,SCUOLA PRIMO GRADO,,1,capacita_esaurita_o_oltre_max_km
202425,0.346,42,statale,SCUOLA SECONDARIA I GRADO,1,BSMM86201N,M.L.KING - CASTELCOVATI,CASTELCOVATI,BRESCIA,LOMBARDIA,SCUOLA PRIMO GRADO,,5,capacita_esaurita_o_oltre_max_km
202425,0.346,42,statale,SCUOLA SECONDARIA I GRADO,1,ROMM80002L,G.SANI - CASTELMASSA,CASTELMASSA,ROVIGO,VENETO,SCUOLA PRIMO GRADO,,7,capacita_esaurita_o_oltre_max_km
202425,0.346,42,statale,SCUOLA SECONDARIA I GRADO,1,PNMM814013,CELSO COSTANTINI,PASIANO DI PORDENONE,PORDENONE,FRIULI-VENEZIA G.,SCUOLA PRIMO GRADO,,6,capacita_esaurita_o_oltre_max_km
202425,0.346,42,statale,SCUOLA SECONDARIA I GRADO,1,GRMM81101R,"CASTELDELPIANO - ""O.VANNINI""",CASTEL DEL PIANO,GROSSETO,TOSCANA,SCUOLA PRIMO GRADO,,3,capacita_esaurita_o_oltre_max_km
202425,0.346,42,statale,SCUOLA SECONDARIA I GRADO,1,MNMM827011,"CASTELLUCCHIO ""R. GANDOLFO""",CASTELLUCCHIO,MANTOVA,LOMBARDIA,SCUOLA PRIMO GRADO,,4,capacita_esaurita_o_oltre_max_km
202425,0.346,42,statale,SCUOLA SECONDARIA I GRADO,1,GRMM81702R,"PAGANICO - ""F.TOZZI""",CIVITELLA PAGANICO,GROSSETO,TOSCANA,SCUOLA PRIMO GRADO,,1,capacita_esaurita_o_oltre_max_km
202425,0.346,42,statale,SCUOLA SECONDARIA I GRADO,1,PVMM808051,CANDIA LOMELLINA,CANDIA LOMELLINA,PAVIA,LOMBARDIA,SCUOLA PRIMO GRADO,,1,capacita_esaurita_o_oltre_max_km
202425,0.346,42,statale,SCUOLA SECONDARIA I GRADO,1,MNMM82201T,"SERMIDE ""VIRGILIO""",SERMIDE E FELONICA,MANTOVA,LOMBARDIA,SCUOLA PRIMO GRADO,,2,capacita_esaurita_o_oltre_max_km
202425,0.346,42,statale,SCUOLA SECONDARIA I GRADO,1,PRMM839017,"FORNOVO - ""ZUFFARDI""",FORNOVO DI TARO,PARMA,EMILIA ROMAGNA,SCUOLA PRIMO GRADO,,2,capacita_esaurita_o_oltre_max_km
202425,0.346,42,statale,SCUOLA SECONDARIA I GRADO,1,LOMM81601N,SEC.I GRADO S.FRANCESCA CABRINI,SANT'ANGELO LODIGIANO,LODI,LOMBARDIA,SCUOLA PRIMO GRADO,,2,capacita_esaurita_o_oltre_max_km
202425,0.346,42,statale,SCUOLA SECONDARIA I GRADO,1,PRMM83601Q,"""PARMIGIANINO"" - PARMA",PARMA,PARMA,EMILIA ROMAGNA,SCUOLA PRIMO GRADO,,16,capacita_esaurita_o_oltre_max_km
202425,0.346,42,statale,SCUOLA SECONDARIA I GRADO,1,MOMM81901P,GIOVANNI PASCOLI,SAN FELICE SUL PANARO,MODENA,EMILIA ROMAGNA,SCUOLA PRIMO GRADO,,8,capacita_esaurita_o_oltre_max_km
202425,0.346,42,statale,SCUOLA SECONDARIA I GRADO,1,FOMM81601L,G. CESARE,SAVIGNANO SUL RUBICONE,FORLI'-CESENA,EMILIA ROMAGNA,SCUOLA PRIMO GRADO,,1,capacita_esaurita_o_oltre_max_km
202425,0.346,42,statale,SCUOLA SECONDARIA I GRADO,1,PRMM80701Q,"COLORNO - "" PIER LUIGI BELLONI""",COLORNO,PARMA,EMILIA ROMAGNA,SCUOLA PRIMO GRADO,,3,capacita_esaurita_o_oltre_max_km
202425,0.346,42,statale,SCUOLA SECONDARIA I GRADO,1,POMM817017,SCUOLA SEC. I GRADO G.B.MAZZONI,PRATO,PRATO,TOSCANA,SCUOLA PRIMO GRADO,,8,capacita_esaurita_o_oltre_max_km
202425,0.346,42,statale,SCUOLA SECONDARIA I GRADO,1,PRMM82202V,DI POLESINE - ZIBELLO,POLESINE ZIBELLO,PARMA,EMILIA ROMAGNA,SCUOLA PRIMO GRADO,,2,capacita_esaurita_o_oltre_max_km
202425,0.346,42,statale,SCUOLA SECONDARIA I GRADO,1,PRMM825019,"""ARTURO TOSCANINI"" - PARMA",PARMA,PARMA,EMILIA ROMAGNA,SCUOLA PRIMO GRADO,,6,capacita_esaurita_o_oltre_max_km
202425,0.346,42,statale,SCUOLA SECONDARIA I GRADO,1,MNMM80101R,"CANNETO SULL' OGLIO ""G. CORVI""",CANNETO SULL'OGLIO,MANTOVA,LOMBARDIA,SCUOLA PRIMO GRADO,,1,capacita_esaurita_o_oltre_max_km
202425,0.346,42,statale,SCUOLA SECONDARIA I GRADO,1,PVMM801012,CRISPI - PIEVE PORTO MORONE,PIEVE PORTO MORONE,PAVIA,LOMBARDIA,SCUOLA PRIMO GRADO,,2,capacita_esaurita_o_oltre_max_km
202425,0.346,42,statale,SCUOLA SECONDARIA I GRADO,1,ALMM82601Q,ALESSANDRIA - A. VOCHIERI,ALESSANDRIA,ALESSANDRIA,PIEMONTE,SCUOLA PRIMO GRADO,,10,capacita_esaurita_o_oltre_max_km
202425,0.346,42,statale,SCUOLA SECONDARIA I GRADO,1,FIMM87701V,MONTANELLI - PETRARCA,FUCECCHIO,FIRENZE,TOSCANA,SCUOLA PRIMO GRADO,,12,capacita_esaurita_o_oltre_max_km
202425,0.346,42,statale,SCUOLA SECONDARIA I GRADO,1,MOMM81902Q,ELISEO GOZZI,CAMPOSANTO,MODENA,EMILIA ROMAGNA,SCUOLA PRIMO GRADO,,2,capacita_esaurita_o_oltre_max_km
202425,0.346,42,statale,SCUOLA SECONDARIA I GRADO,1,PVMM800016,SC. SEC. S.MARIA DELLA VERSA,SANTA MARIA DELLA VERSA,PAVIA,LOMBARDIA,SCUOLA PRIMO GRADO,,3,capacita_esaurita_o_oltre_max_km
202425,0.346,42,statale,SCUOLA SECONDARIA I GRADO,1,SIMM81201C,RONCALLI CASTELLINA,CASTELLINA IN CHIANTI,SIENA,TOSCANA,SCUOLA PRIMO GRADO,,2,capacita_esaurita_o_oltre_max_km
202425,0.346,42,statale,SCUOLA SECONDARIA I GRADO,1,NOMM82901L,"""CASSANO"" TRECATE",TRECATE,NOVARA,PIEMONTE,SCUOLA PRIMO GRADO,,5,capacita_esaurita_o_oltre_max_km
202425,0.346,42,statale,SCUOLA SECONDARIA I GRADO,1,BSMM89801C,A.ZAMMARCHI - MANERBIO,MANERBIO,BRESCIA,LOMBARDIA,SCUOLA PRIMO GRADO,,4,capacita_esaurita_o_oltre_max_km
202425,0.346,42,statale,SCUOLA SECONDARIA I GRADO,1,MNMM81503R,"CASTELDARIO ""ENRICO FERMI""",CASTEL D'ARIO,MANTOVA,LOMBARDIA,SCUOLA PRIMO GRADO,,4,capacita_esaurita_o_oltre_max_km
202425,0.346,42,statale,SCUOLA SECONDARIA I GRADO,1,CNMM819011,LA MORRA,LA MORRA,CUNEO,PIEMONTE,SCUOLA PRIMO GRADO,,1,capacita_esaurita_o_oltre_max_km
202425,0.346,42,statale,SCUOLA SECONDARIA I GRADO,1,CRMM81001A,"""STEFANO JACINI"" (CASALBUTTANO)",CASALBUTTANO ED UNITI,CREMONA,LOMBARDIA,SCUOLA PRIMO GRADO,,3,capacita_esaurita_o_oltre_max_km
202425,0.346,42,statale,SCUOLA SECONDARIA I GRADO,1,PVMM813018,VILLANTERIO - ADDOBBATI,VILLANTERIO,PAVIA,LOMBARDIA,SCUOLA PRIMO GRADO,,1,capacita_esaurita_o_oltre_max_km
202425,0.346,42,statale,SCUOLA SECONDARIA I GRADO,1,LOMM807031,SECONDARIA I GRAD - GUIDO ROSSA,BREMBIO,LODI,LOMBARDIA,SCUOLA PRIMO GRADO,,1,capacita_esaurita_o_oltre_max_km
202425,0.346,42,statale,SCUOLA SECONDARIA I GRADO,1,FIMM87101X,BACCI-RIDOLFI,CASTELFIORENTINO,FIRENZE,TOSCANA,SCUOLA PRIMO GRADO,,8,capacita_esaurita_o_oltre_max_km
202425,0.346,42,statale,SCUOLA SECONDARIA I GRADO,1,PCMM805039,G.L. PALLAVICINO,CORTEMAGGIORE,PIACENZA,EMILIA ROMAGNA,SCUOLA PRIMO GRADO,,3,capacita_esaurita_o_oltre_max_km
202425,0.346,42,statale,SCUOLA SECONDARIA I GRADO,1,BGMM84401G,"S.M.S. ""LORENZO LOTTO"" COVO",COVO,BERGAMO,LOMBARDIA,SCUOLA PRIMO GRADO,,2,capacita_esaurita_o_oltre_max_km
202425,0.346,42,statale,SCUOLA SECONDARIA I GRADO,1,CRMM81402P,"""E. FERMI"" (TORRE PICENARDI)",TORRE DE' PICENARDI,CREMONA,LOMBARDIA,SCUOLA PRIMO GRADO,,3,capacita_esaurita_o_oltre_max_km
202425,0.346,42,statale,SCUOLA SECONDARIA I GRADO,1,CTMM808011,SCUOLA SECONDARIA I MAZZARRONE,MAZZARRONE,CATANIA,SICILIA,SCUOLA PRIMO GRADO,,3,capacita_esaurita_o_oltre_max_km
202425,0.346,42,statale,SCUOLA SECONDARIA I GRADO,1,RNMM81102A,S.LEO-PIETRACUTA (IC NOVAFELTR),SAN LEO,RIMINI,EMILIA ROMAGNA,SCUOLA PRIMO GRADO,,1,capacita_esaurita_o_oltre_max_km
202425,0.346,42,statale,SCUOLA SECONDARIA I GRADO,1,ROMM811012,MONS. SICHIROLLO-ARQUA' POL.,ARQUA' POLESINE,ROVIGO,VENETO,SCUOLA PRIMO GRADO,,1,capacita_esaurita_o_oltre_max_km
202425,0.346,42,statale,SCUOLA SECONDARIA I GRADO,1,PRMM84001B,"FIDENZA - ""ZANI""",FIDENZA,PARMA,EMILIA ROMAGNA,SCUOLA PRIMO GRADO,,7,capacita_esaurita_o_oltre_max_km
202425,0.346,42,statale,SCUOLA SECONDARIA I GRADO,1,PVMM822013,STRADELLA -DEPRETIS,STRADELLA,PAVIA,LOMBARDIA,SCUOLA PRIMO GRADO,,7,capacita_esaurita_o_oltre_max_km
202425,0.346,42,statale,SCUOLA SECONDARIA I GRADO,1,BGMM89801X,"S.M.S. ""G.B. RUBINI"" ROMANO L.",ROMANO DI LOMBARDIA,BERGAMO,LOMBARDIA,SCUOLA PRIMO GRADO,,7,capacita_esaurita_o_oltre_max_km
202425,0.346,42,statale,SCUOLA SECONDARIA I GRADO,1,CRMM80101G,"""DIOTTI"" (CASALMAGGIORE)",CASALMAGGIORE,CREMONA,LOMBARDIA,SCUOLA PRIMO GRADO,,7,capacita_esaurita_o_oltre_max_km
202425,0.346,42,statale,SCUOLA SECONDARIA I GRADO,1,BOMM84801R,G. FALCONE - P. BORSELLINO,MONTERENZIO,BOLOGNA,EMILIA ROMAGNA,SCUOLA PRIMO GRADO,,3,capacita_esaurita_o_oltre_max_km
202425,0.346,42,statale,SCUOLA SECONDARIA I GRADO,1,CRMM803017,"""UBALDO FERRARI"" (CASTELVERDE)",CASTELVERDE,CREMONA,LOMBARDIA,SCUOLA PRIMO GRADO,,1,capacita_esaurita_o_oltre_max_km
202425,0.346,42,statale,SCUOLA SECONDARIA I GRADO,1,PRMM82901L,"""SALVO D'ACQUISTO"" - PARMA",PARMA,PARMA,EMILIA ROMAGNA,SCUOLA PRIMO GRADO,,7,capacita_esaurita_o_oltre_max_km
202425,0.346,42,statale,SCUOLA SECONDARIA I GRADO,1,ALMM82801B,ALESSANDRIA - CAVOUR,ALESSANDRIA,ALESSANDRIA,PIEMONTE,SCUOLA PRIMO GRADO,,3,capacita_esaurita_o_oltre_max_km
202425,0.346,42,statale,SCUOLA SECONDARIA I GRADO,1,BSMM89001T,CONSORZ.AZZANO-CAPRIANO-MAIRANO,AZZANO MELLA,BRESCIA,LOMBARDIA,SCUOLA PRIMO GRADO,,4,capacita_esaurita_o_oltre_max_km
202425,0.346,42,statale,SCUOLA SECONDARIA I GRADO,1,MNMM80801G,CASTIGLIONE STIVIERE 1- BESCHI,CASTIGLIONE DELLE STIVIERE,MANTOVA,LOMBARDIA,SCUOLA PRIMO GRADO,,4,capacita_esaurita_o_oltre_max_km
202425,0.346,42,statale,SCUOLA SECONDARIA I GRADO,1,RIMM81704V,"""FRANCESCO FLORIDO""",POGGIO NATIVO,RIETI,LAZIO,SCUOLA PRIMO GRADO,,2,capacita_esaurita_o_oltre_max_km
202425,0.346,42,statale,SCUOLA SECONDARIA I GRADO,1,MNMM83801B,"SCUOLA MEDIA ""VANONI"" VIADANA",VIADANA,MANTOVA,LOMBARDIA,SCUOLA PRIMO GRADO,,1,capacita_esaurita_o_oltre_max_km
202425,0.346,42,statale,SCUOLA SECONDARIA I GRADO,1,MOMM80601L,PEDRAZZOLI,PIEVEPELAGO,MODENA,EMILIA ROMAGNA,SCUOLA PRIMO GRADO,,1,capacita_esaurita_o_oltre_max_km
202425,0.346,42,statale,SCUOLA SECONDARIA I GRADO,1,MNMM818016,"ROVERBELLA ""L.BENATI""",ROVERBELLA,MANTOVA,LOMBARDIA,SCUOLA PRIMO GRADO,,6,capacita_esaurita_o_oltre_max_km
202425,0.346,42,statale,SCUOLA SECONDARIA I GRADO,1,ROMM816037,N.BADALONI - TRECENTA,TRECENTA,ROVIGO,VENETO,SCUOLA PRIMO GRADO,,1,capacita_esaurita_o_oltre_max_km
202425,0.346,42,statale,SCUOLA SECONDARIA I GRADO,1,PVMM814014,"BELGIOIOSO ""A. NEGRI""",BELGIOIOSO,PAVIA,LOMBARDIA,SCUOLA PRIMO GRADO,,5,capacita_esaurita_o_oltre_max_km
202425,0.346,42,statale,SCUOLA SECONDARIA I GRADO,1,FGMM83801G,ALDO MORO,STORNARELLA,FOGGIA,PUGLIA,SCUOLA PRIMO GRADO,,1,capacita_esaurita_o_oltre_max_km
202425,0.346,42,statale,SCUOLA SECONDARIA I GRADO,1,PCMM80801P,G.PASCOLI,BORGONOVO VAL TIDONE,PIACENZA,EMILIA ROMAGNA,SCUOLA PRIMO GRADO,,1,capacita_esaurita_o_oltre_max_km
202425,0.346,42,statale,SCUOLA SECONDARIA I GRADO,1,PNMM826019,"SMS ""BERNARDINO PARTENIO""",SPILIMBERGO,PORDENONE,FRIULI-VENEZIA G.,SCUOLA PRIMO GRADO,,7,capacita_esaurita_o_oltre_max_km
202425,0.346,42,statale,SCUOLA SECONDARIA I GRADO,1,BGMM8AE01G,"S.M.S. ""CAMERONI"" TREVIGLIO",TREVIGLIO,BERGAMO,LOMBARDIA,SCUOLA PRIMO GRADO,,2,capacita_esaurita_o_oltre_max_km
202425,0.346,42,statale,SCUOLA SECONDARIA I GRADO,1,ANMM80801R,"ARCEVIA ""F.PALAZZI""",ARCEVIA,ANCONA,MARCHE,SCUOLA PRIMO GRADO,,1,capacita_esaurita_o_oltre_max_km
202425,0.346,42,statale,SCUOLA SECONDARIA I GRADO,1,IMMM81001R,SC. SEC. I GRADO LITTARDI,IMPERIA,IMPERIA,LIGURIA,SCUOLA PRIMO GRADO,,5,capacita_esaurita_o_oltre_max_km
202425,0.346,42,statale,SCUOLA SECONDARIA I GRADO,1,MNMM839017,SCUOLA MEDIA CAMPITELLO,MARCARIA,MANTOVA,LOMBARDIA,SCUOLA PRIMO GRADO,,2,capacita_esaurita_o_oltre_max_km
202425,0.346,42,statale,SCUOLA SECONDARIA I GRADO,1,PVMM83101T,IC VIG.VIALE LIBERTA'-ROBECCHI,VIGEVANO,PAVIA,LOMBARDIA,SCUOLA PRIMO GRADO,,7,capacita_esaurita_o_oltre_max_km
202425,0.346,42,statale,SCUOLA SECONDARIA I GRADO,1,PCMM80902G,F. PETRARCA,PONTENURE,PIACENZA,EMILIA ROMAGNA,SCUOLA PRIMO GRADO,,2,capacita_esaurita_o_oltre_max_km
202425,0.346,42,statale,SCUOLA SECONDARIA I GRADO,1,REMM82901P,"ROLO ""MARCO POLO""",ROLO,REGGIO EMILIA,EMILIA ROMAGNA,SCUOLA PRIMO GRADO,,1,capacita_esaurita_o_oltre_max_km
202425,0.346,42,statale,SCUOLA SECONDARIA I GRADO,1,BGMM896018,"S.M.S. ""E.FERMI"" ROMANO L.",ROMANO DI LOMBARDIA,BERGAMO,LOMBARDIA,SCUOLA PRIMO GRADO,,3,capacita_esaurita_o_oltre_max_km
202425,0.346,42,statale,SCUOLA SECONDARIA I GRADO,1,MOMM80501R,RENZO GASPARINI,NOVI DI MODENA,MODENA,EMILIA ROMAGNA,SCUOLA PRIMO GRADO,,5,capacita_esaurita_o_oltre_max_km
202425,0.346,42,statale,SCUOLA SECONDARIA I GRADO,1,CNMM813012,"CEVA ""A.MOMIGLIANO""",CEVA,CUNEO,PIEMONTE,SCUOLA PRIMO GRADO,,2,capacita_esaurita_o_oltre_max_km
202425,0.346,42,statale,SCUOLA SECONDARIA I GRADO,1,BSMM829012,D.ALIGHIERI - CALCINATO,CALCINATO,BRESCIA,LOMBARDIA,SCUOLA PRIMO GRADO,,2,capacita_esaurita_o_oltre_max_km
202425,0.346,42,statale,SCUOLA SECONDARIA I GRADO,1,SVMM81502E,I GR. A. GENTILESCHI LECA,ALBENGA,SAVONA,LIGURIA,SCUOLA PRIMO GRADO,,2,capacita_esaurita_o_oltre_max_km
202425,0.346,42,statale,SCUOLA SECONDARIA I GRADO,1,FEMM802016,T.BONATI - BONDENO,BONDENO,FERRARA,EMILIA ROMAGNA,SCUOLA PRIMO GRADO,,3,capacita_esaurita_o_oltre_max_km
202425,0.346,42,statale,SCUOLA SECONDARIA I GRADO,1,BOMM809016,S.BARTOLOMEO APOSTOLO-BORGO T.,BORGO TOSSIGNANO,BOLOGNA,EMILIA ROMAGNA,SCUOLA PRIMO GRADO,,1,capacita_esaurita_o_oltre_max_km
202425,0.346,42,statale,SCUOLA SECONDARIA I GRADO,1,TEMM82301L,SC.MEDIA SANT'ONOFRIO,CAMPLI,TERAMO,ABRUZZO,SCUOLA PRIMO GRADO,,2,capacita_esaurita_o_oltre_max_km
202425,0.346,42,statale,SCUOLA SECONDARIA I GRADO,1,VRMM857018,"NOGARA - ""F. CIPRIANI""",NOGARA,VERONA,VENETO,SCUOLA PRIMO GRADO,,3,capacita_esaurita_o_oltre_max_km
202425,0.346,42,statale,SCUOLA SECONDARIA I GRADO,1,RMMM8DA017,SMS VIA CAMPO DI CARNE SNC,ARDEA,ROMA,LAZIO,SCUOLA PRIMO GRADO,,3,capacita_esaurita_o_oltre_max_km
202425,0.346,42,statale,SCUOLA SECONDARIA I GRADO,1,ALMM81201T,VIGUZZOLO - L. PEROSI,VIGUZZOLO,ALESSANDRIA,PIEMONTE,SCUOLA PRIMO GRADO,,1,capacita_esaurita_o_oltre_max_km
202425,0.346,42,statale,SCUOLA SECONDARIA I GRADO,1,NOMM82401D,SECONDARIA I - FORNARA,NOVARA,NOVARA,PIEMONTE,SCUOLA PRIMO GRADO,,1,capacita_esaurita_o_oltre_max_km
202425,0.346,42,statale,SCUOLA SECONDARIA I GRADO,1,MNMM820027,"SUSTINENTE""L.MARTINI """,SUSTINENTE,MANTOVA,LOMBARDIA,SCUOLA PRIMO GRADO,,2,capacita_esaurita_o_oltre_max_km
202425,0.346,42,statale,SCUOLA SECONDARIA I GRADO,1,MOMM816017,CAVANI,SERRAMAZZONI,MODENA,EMILIA ROMAGNA,SCUOLA PRIMO GRADO,,3,capacita_esaurita_o_oltre_max_km
202425,0.346,42,statale,SCUOLA SECONDARIA I GRADO,1,BGMM84403N,I GRADO ANTEGNATE,ANTEGNATE,BERGAMO,LOMBARDIA,SCUOLA PRIMO GRADO,,1,capacita_esaurita_o_oltre_max_km
202425,0.346,42,statale,SCUOLA SECONDARIA I GRADO,1,ATMM81502B,SCUOLA MEDIA DI MOMBARUZZO,MOMBARUZZO,ASTI,PIEMONTE,SCUOLA PRIMO GRADO,,1,capacita_esaurita_o_oltre_max_km
202425,0.346,42,statale,SCUOLA SECONDARIA I GRADO,1,MNMM82301N,"BOZZOLO ""SCIPIONE GONZAGA""",BOZZOLO,MANTOVA,LOMBARDIA,SCUOLA PRIMO GRADO,,1,capacita_esaurita_o_oltre_max_km
202425,0.346,42,statale,SCUOLA SECONDARIA I GRADO,1,VIMM818019,"SMS ""RIDOLFI"" LONIGO",LONIGO,VICENZA,VENETO,SCUOLA PRIMO GRADO,,1,capacita_esaurita_o_oltre_max_km
202425,0.346,42,statale,SCUOLA SECONDARIA I GRADO,1,MNMM80102T,SECONDARIA ACQUANEGRA S/C,ACQUANEGRA SUL CHIESE,MANTOVA,LOMBARDIA,SCUOLA PRIMO GRADO,,1,capacita_esaurita_o_oltre_max_km
202425,0.346,42,statale,SCUOLA SECONDARIA I GRADO,1,MNMM820016,"OSTIGLIA - ""CORNELIO NEPOTE""",OSTIGLIA,MANTOVA,LOMBARDIA,SCUOLA PRIMO GRADO,,1,capacita_esaurita_o_oltre_max_km
202425,0.346,42,statale,SCUOLA SECONDARIA I GRADO,1,PVMM800027,SC SEC. MONTU' BECCARIA,MONTU' BECCARIA,PAVIA,LOMBARDIA,SCUOLA PRIMO GRADO,,2,capacita_esaurita_o_oltre_max_km
202425,0.346,42,statale,SCUOLA SECONDARIA I GRADO,1,SIMM807033,PAOLO MASCAGNI,CHIUSDINO,SIENA,TOSCANA,SCUOLA PRIMO GRADO,,1,capacita_esaurita_o_oltre_max_km
202425,0.346,42,statale,SCUOLA SECONDARIA I GRADO,1,PVMM81701G,MORTARA - JOSTI TRAVELLI,MORTARA,PAVIA,LOMBARDIA,SCUOLA PRIMO GRADO,,4,capacita_esaurita_o_oltre_max_km
202425,0.346,42,statale,SCUOLA SECONDARIA I GRADO,1,REMM842015,"VILLA MINOZZO ""GALILEI""",VILLA MINOZZO,REGGIO EMILIA,EMILIA ROMAGNA,SCUOLA PRIMO GRADO,,1,capacita_esaurita_o_oltre_max_km
202425,0.346,42,statale,SCUOLA SECONDARIA I GRADO,1,REMM82902Q,"FABBRICO ""BUONARROTI""",FABBRICO,REGGIO EMILIA,EMILIA ROMAGNA,SCUOLA PRIMO GRADO,,4,capacita_esaurita_o_oltre_max_km
202425,0.346,42,statale,SCUOLA SECONDARIA I GRADO,1,SVMM811016,"I GR. ""G. C. ABBA"" CAIRO M.",CAIRO MONTENOTTE,SAVONA,LIGURIA,SCUOLA PRIMO GRADO,,1,capacita_esaurita_o_oltre_max_km
202425,0.346,42,statale,SCUOLA SECONDARIA I GRADO,1,PRMM820016,"SALSOMAGGIORE - ""CAROZZA""",SALSOMAGGIORE TERME,PARMA,EMILIA ROMAGNA,SCUOLA PRIMO GRADO,,2,capacita_esaurita_o_oltre_max_km
202425,0.346,42,statale,SCUOLA SECONDARIA I GRADO,1,BSMM8AN014,SMS G.B. ALBERTI-MONTICHIARI,MONTICHIARI,BRESCIA,LOMBARDIA,SCUOLA PRIMO GRADO,,1,capacita_esaurita_o_oltre_max_km
202425,0.346,42,statale,SCUOLA SECONDARIA I GRADO,1,LOMM81002Q,SEC.I GRADO GUARDAMIGLIO,GUARDAMIGLIO,LODI,LOMBARDIA,SCUOLA PRIMO GRADO,,1,capacita_esaurita_o_oltre_max_km
202425,0.346,42,statale,SCUOLA SECONDARIA I GRADO,1,MNMM839039,"SCUOLA MEDIA GAZZUOLO ""VERDI""",GAZZUOLO,MANTOVA,LOMBARDIA,SCUOLA PRIMO GRADO,,1,capacita_esaurita_o_oltre_max_km
202425,0.346,42,statale,SCUOLA SECONDARIA I GRADO,1,NOMM826015,"SCUOLA MEDIA ""DUCA D'AOSTA""",NOVARA,NOVARA,PIEMONTE,SCUOLA PRIMO GRADO,,6,capacita_esaurita_o_oltre_max_km
202425,0.346,42,statale,SCUOLA SECONDARIA I GRADO,1,ALMM83902V,ALESSANDRIA - P. STRANEO,ALESSANDRIA,ALESSANDRIA,PIEMONTE,SCUOLA PRIMO GRADO,,2,capacita_esaurita_o_oltre_max_km
202425,0.346,42,statale,SCUOLA SECONDARIA I GRADO,1,TPMM81801G,"S.M. ""L. PIRANDELLO"" C/BELLO",CAMPOBELLO DI MAZARA,TRAPANI,SICILIA,SCUOLA PRIMO GRADO,,1,capacita_esaurita_o_oltre_max_km
202425,0.346,42,statale,SCUOLA SECONDARIA I GRADO,1,MNMM80701Q,CASTIGLIONE STIVIERE 2 -MILANI,CASTIGLIONE DELLE STIVIERE,MANTOVA,LOMBARDIA,SCUOLA PRIMO GRADO,,4,capacita_esaurita_o_oltre_max_km
202425,0.346,42,statale,SCUOLA SECONDARIA I GRADO,1,BOMM840016,VEGGETTI-VERGATO,VERGATO,BOLOGNA,EMILIA ROMAGNA,SCUOLA PRIMO GRADO,,1,capacita_esaurita_o_oltre_max_km
202425,0.346,42,statale,SCUOLA SECONDARIA I GRADO,1,BGMM84402L,"S.M.S.""MERISI-CARAV.""FONTANELLA",FONTANELLA,BERGAMO,LOMBARDIA,SCUOLA PRIMO GRADO,,1,capacita_esaurita_o_oltre_max_km
202425,0.346,42,statale,SCUOLA SECONDARIA I GRADO,1,FIMM826012,GIOVANNI DA VERRAZZANO,GREVE IN CHIANTI,FIRENZE,TOSCANA,SCUOLA PRIMO GRADO,,1,capacita_esaurita_o_oltre_max_km
202425,0.346,42,statale,SCUOLA SECONDARIA I GRADO,1,LIMM820025,CIELO D'ALCAMO,BIBBONA,LIVORNO,TOSCANA,SCUOLA PRIMO GRADO,,1,capacita_esaurita_o_oltre_max_km
202425,0.346,42,statale,SCUOLA SECONDARIA I GRADO,1,MSMM81602V,"""GALILEO GALILEI"" CASOLA",CASOLA IN LUNIGIANA,MASSA-CARRARA,TOSCANA,SCUOLA PRIMO GRADO,,1,capacita_esaurita_o_oltre_max_km
202425,0.346,42,statale,SCUOLA SECONDARIA I GRADO,1,PCMM807031,ENRICO FERMI,BETTOLA,PIACENZA,EMILIA ROMAGNA,SCUOLA PRIMO GRADO,,1,capacita_esaurita_o_oltre_max_km
202425,0.346,42,statale,SCUOLA SECONDARIA I GRADO,1,PNMM836021,"SMS ""G. UNGARETTI""",PRATA DI PORDENONE,PORDENONE,FRIULI-VENEZIA G.,SCUOLA PRIMO GRADO,,2,capacita_esaurita_o_oltre_max_km
202425,0.346,42,statale,SCUOLA SECONDARIA I GRADO,1,PRMM83002T,DI ROCCABIANCA,ROCCABIANCA,PARMA,EMILIA ROMAGNA,SCUOLA PRIMO GRADO,,1,capacita_esaurita_o_oltre_max_km
202425,0.346,42,statale,SCUOLA SECONDARIA I GRADO,1,ROMM816026,PASINI GRISETTI - BARUCHELLA,GIACCIANO CON BARUCHELLA,ROVIGO,VENETO,SCUOLA PRIMO GRADO,,1,capacita_esaurita_o_oltre_max_km
202425,0.346,42,statale,SCUOLA SECONDARIA I GRADO,1,SIMM805019,DON LORENZO MILANI,SINALUNGA,SIENA,TOSCANA,SCUOLA PRIMO GRADO,,2,capacita_esaurita_o_oltre_max_km
202425,0.346,42,statale,SCUOLA SECONDARIA I GRADO,1,TOMM8AN027,I.C. CARMAGNOLA I - PRALORMO,PRALORMO,TORINO,PIEMONTE,SCUOLA PRIMO GRADO,,1,capacita_esaurita_o_oltre_max_km
202425,0.346,42,statale,SCUOLA SECONDARIA I GRADO,1,VEMM825048,E. MATTEI,ANNONE VENETO,VENEZIA,VENETO,SCUOLA PRIMO GRADO,,1,capacita_esaurita_o_oltre_max_km
202425,0.346,42,statale,SCUOLA SECONDARIA I GRADO,1,PVMM83301D,IC VIGEVANO VIA BOTTO-BESOZZI,VIGEVANO,PAVIA,LOMBARDIA,SCUOLA PRIMO GRADO,,4,capacita_esaurita_o_oltre_max_km
202425,0.346,42,statale,SCUOLA SECONDARIA I GRADO,1,MOMM83501L,FRASSONI,FINALE EMILIA,MODENA,EMILIA ROMAGNA,SCUOLA PRIMO GRADO,,1,capacita_esaurita_o_oltre_max_km
202425,0.346,42,statale,SCUOLA SECONDARIA I GRADO,1,MOMM10600D,MONTECUCCOLI,PAVULLO NEL FRIGNANO,MODENA,EMILIA ROMAGNA,SCUOLA PRIMO GRADO,,1,capacita_esaurita_o_oltre_max_km
202425,0.346,42,statale,SCUOLA SECONDARIA I GRADO,1,IMMM801012,"DIANO MARINA ""U.NOVARO""",DIANO MARINA,IMPERIA,LIGURIA,SCUOLA PRIMO GRADO,,1,capacita_esaurita_o_oltre_max_km
202425,0.346,42,statale,SCUOLA SECONDARIA I GRADO,1,MSMM81001V,"SEC. I GR. I.C. ""COCCHI""",LICCIANA NARDI,MASSA-CARRARA,TOSCANA,SCUOLA PRIMO GRADO,,1,capacita_esaurita_o_oltre_max_km
202425,0.346,42,statale,SCUOLA SECONDARIA I GRADO,1,TVMM88003Q,SMS BATTISTIOLI CHIARANO,CHIARANO,TREVISO,VENETO,SCUOLA PRIMO GRADO,,1,capacita_esaurita_o_oltre_max_km
202425,0.346,42,statale,SCUOLA SECONDARIA I GRADO,1,SVMM82201L,I GR. MAMELI-ALIGHIERI ALBENGA,ALBENGA,SAVONA,LIGURIA,SCUOLA PRIMO GRADO,,2,capacita_esaurita_o_oltre_max_km
202425,0.346,42,statale,SCUOLA SECONDARIA I GRADO,1,ROMM817011,A.MARIO - LENDINARA,LENDINARA,ROVIGO,VENETO,SCUOLA PRIMO GRADO,,1,capacita_esaurita_o_oltre_max_km
202425,0.346,42,statale,SCUOLA SECONDARIA I GRADO,1,PRMM83501X,"""MALPELI"" - PARMA",PARMA,PARMA,EMILIA ROMAGNA,SCUOLA PRIMO GRADO,,2,capacita_esaurita_o_oltre_max_km
202425,0.346,42,statale,SCUOLA SECONDARIA I GRADO,1,BSMM808011,S.M. CONSORTILE ARTOGNE,ARTOGNE,BRESCIA,LOMBARDIA,SCUOLA PRIMO GRADO,,3,capacita_esaurita_o_oltre_max_km
202425,0.346,42,statale,SCUOLA SECONDARIA I GRADO,1,PDMM87801G,"MONTAGNANA ""CHINAGLIA""",MONTAGNANA,PADOVA,VENETO,SCUOLA PRIMO GRADO,,1,capacita_esaurita_o_oltre_max_km
202425,0.346,42,statale,SCUOLA SECONDARIA I GRADO,1,RAMM80701B,"""G.UGONIA""",BRISIGHELLA,RAVENNA,EMILIA ROMAGNA,SCUOLA PRIMO GRADO,,1,capacita_esaurita_o_oltre_max_km
202425,0.346,42,statale,SCUOLA SECONDARIA I GRADO,1,COMM84802P,MAESTRI CAMPIONESI,CAMPIONE D'ITALIA,COMO,LOMBARDIA,SCUOLA PRIMO GRADO,,1,capacita_esaurita_o_oltre_max_km
202425,0.346,42,statale,SCUOLA SECONDARIA I GRADO,1,CRMM804024,SCUOLA SEC. I GRADO TRIGOLO,TRIGOLO,CREMONA,LOMBARDIA,SCUOLA PRIMO GRADO,,1,capacita_esaurita_o_oltre_max_km
202425,0.346,42,statale,SCUOLA SECONDARIA I GRADO,1,PCMM806013,M. BUONARROTI,CAORSO,PIACENZA,EMILIA ROMAGNA,SCUOLA PRIMO GRADO,,1,capacita_esaurita_o_oltre_max_km
202425,0.346,42,statale,SCUOLA SECONDARIA I GRADO,1,TPMM807026,"SC. MEDIA ""PALUMBO""",SALAPARUTA,TRAPANI,SICILIA,SCUOLA PRIMO GRADO,,1,capacita_esaurita_o_oltre_max_km
202425,0.346,42,statale,SCUOLA SECONDARIA I GRADO,1,VRMM89602X,FAGNANO DI TREVENZUOLO,TREVENZUOLO,VERONA,VENETO,SCUOLA PRIMO GRADO,,1,capacita_esaurita_o_oltre_max_km
202425,0.346,42,statale,SCUOLA SECONDARIA I GRADO,1,ROMM816015,G.GHIRARDINI - BADIA POLESINE,BADIA POLESINE,ROVIGO,VENETO,SCUOLA PRIMO GRADO,,2,capacita_esaurita_o_oltre_max_km
202425,0.346,42,statale,SCUOLA SECONDARIA I GRADO,1,POMM805011,CONVENEVOLE DA PRATO,PRATO,PRATO,TOSCANA,SCUOLA PRIMO GRADO,,1,capacita_esaurita_o_oltre_max_km
202425,0.346,42,statale,SCUOLA SECONDARIA I GRADO,1,BOMM840027,DON MILANI,GRIZZANA MORANDI,BOLOGNA,EMILIA ROMAGNA,SCUOLA PRIMO GRADO,,1,capacita_esaurita_o_oltre_max_km
202425,0.346,42,statale,SCUOLA SECONDARIA I GRADO,1,PSMM808024,SCUOLA SEC. 1^ GRADO PIOBBICO,PIOBBICO,PESARO E URBINO,MARCHE,SCUOLA PRIMO GRADO,,1,capacita_esaurita_o_oltre_max_km
202425,0.346,42,statale,SCUOLA SECONDARIA I GRADO,1,VRMM86201Q,ISOLA DELLA SCALA- F.LLI CORRA',ISOLA DELLA SCALA,VERONA,VENETO,SCUOLA PRIMO GRADO,,1,capacita_esaurita_o_oltre_max_km
202425,0.346,42,statale,SCUOLA SECONDARIA I GRADO,1,FGMM83701Q,PAPA GIOVANNI PAOLO I,STORNARA,FOGGIA,PUGLIA,SCUOLA PRIMO GRADO,,1,capacita_esaurita_o_oltre_max_km
202425,0.346,42,statale,SCUOLA SECONDARIA I GRADO,1,MNMM81502Q,VILLIMPENTA - S.S. RONCOFERRARO,VILLIMPENTA,MANTOVA,LOMBARDIA,SCUOLA PRIMO GRADO,,1,capacita_esaurita_o_oltre_max_km
202425,0.346,42,statale,SCUOLA SECONDARIA I GRADO,1,RGMM832015,"""A. VOLTA""",ACATE,RAGUSA,SICILIA,SCUOLA PRIMO GRADO,,1,capacita_esaurita_o_oltre_max_km
202425,0.346,42,statale,SCUOLA SECONDARIA I GRADO,1,IMMM81101L,"SMS IMPERIA ""N.SAURO""",IMPERIA,IMPERIA,LIGURIA,SCUOLA PRIMO GRADO,,1,capacita_esaurita_o_oltre_max_km
202425,0.346,42,statale,SCUOLA SECONDARIA II GRADO,1,FETD00101Q,IST. TEC. ECON. E TECNOL.- PORTOMAGGIORE,PORTOMAGGIORE,FERRARA,EMILIA ROMAGNA,ISTITUTO TECNICO COMMERCIALE,,6,capacita_esaurita_o_oltre_max_km
202425,0.346,42,statale,SCUOLA SECONDARIA II GRADO,1,CSRA073014,I.P.S.S.A.S.R. -ISTITUTO PROFESSIONALE,SCIGLIANO,COSENZA,CALABRIA,IST PROF PER L'AGRICOLTURA E L'AMBIENTE,,4,capacita_esaurita_o_oltre_max_km
202425,0.346,42,statale,SCUOLA SECONDARIA II GRADO,1,PSRI00401E,"IST. PROF.IND. E ART. ""G.CELLI""",CAGLI,PESARO E URBINO,MARCHE,IST PROF INDUSTRIA E ARTIGIANATO,,3,capacita_esaurita_o_oltre_max_km
202425,0.346,42,statale,SCUOLA SECONDARIA II GRADO,1,RGTD03002X,SEZ.STACCATA ITC BESTA RAGUSA,SANTA CROCE CAMERINA,RAGUSA,SICILIA,ISTITUTO TECNICO COMMERCIALE,,5,capacita_esaurita_o_oltre_max_km
202425,0.346,42,statale,SCUOLA SECONDARIA II GRADO,1,PVRI06000G,I.P. INDUSTRIA E ARTIGIANATO - VARZI,VARZI,PAVIA,LOMBARDIA,IST PROF INDUSTRIA E ARTIGIANATO,,1,capacita_esaurita_o_oltre_max_km
202425,0.346,42,statale,SCUOLA SECONDARIA II GRADO,1,PVTD00701A,ITCG FARAVELLI - STRADELLA,STRADELLA,PAVIA,LOMBARDIA,IST TEC COMMERCIALE E PER GEOMETRI,,5,capacita_esaurita_o_oltre_max_km
202425,0.346,42,statale,SCUOLA SECONDARIA II GRADO,1,PGRC120003,GIANO DELL'UMBRIA,GIANO DELL'UMBRIA,PERUGIA,UMBRIA,IST PROF PER I SERVIZI COMMERCIALI,,2,capacita_esaurita_o_oltre_max_km
202425,0.346,42,statale,SCUOLA SECONDARIA II GRADO,1,PVTF00701L,ITI FARAVELLI - STRADELLA,STRADELLA,PAVIA,LOMBARDIA,ISTITUTO TECNICO INDUSTRIALE,,8,capacita_esaurita_o_oltre_max_km
202425,0.346,42,statale,SCUOLA SECONDARIA II GRADO,1,PVRI01401V,IPSIA SANNAZZARO DE' BURGONDI,SANNAZZARO DE' BURGONDI,PAVIA,LOMBARDIA,IST PROF INDUSTRIA E ARTIGIANATO,,3,capacita_esaurita_o_oltre_max_km
202425,0.346,42,statale,SCUOLA SECONDARIA II GRADO,1,PSRH004013,"I.P.SER.ALBERG. ""G.CELLI""",PIOBBICO,PESARO E URBINO,MARCHE,IST PROF PER I SERVIZI ALBERGHIERI E RISTORAZIONE,,1,capacita_esaurita_o_oltre_max_km
202425,0.346,42,statale,SCUOLA SECONDARIA II GRADO,1,RERF070015,IPSSI M CARRARA NOVELLARA,NOVELLARA,REGGIO EMILIA,EMILIA ROMAGNA,IST PROF PER I SERVIZI SOCIALI,,3,capacita_esaurita_o_oltre_max_km
202425,0.346,42,statale,SCUOLA SECONDARIA II GRADO,1,MCRI010008,"""F. CORRIDONI""",CORRIDONIA,MACERATA,MARCHE,IST PROF INDUSTRIA E ARTIGIANATO,,1,capacita_esaurita_o_oltre_max_km
202425,0.346,42,statale,SCUOLA SECONDARIA II GRADO,1,BOTF02401X,I.T. MARCELLO MALPIGHI,CREVALCORE,BOLOGNA,EMILIA ROMAGNA,ISTITUTO TECNICO INDUSTRIALE,,2,capacita_esaurita_o_oltre_max_km
202425,0.346,42,statale,SCUOLA SECONDARIA II GRADO,1,PCRA002031,"""G. MARCORA""",CORTEMAGGIORE,PIACENZA,EMILIA ROMAGNA,IST PROF PER L'AGRICOLTURA E L'AMBIENTE,,1,capacita_esaurita_o_oltre_max_km
202425,0.346,42,statale,SCUOLA SECONDARIA II GRADO,1,BORC00302A,G. BRUNO - SEDE COORDINATA,MOLINELLA,BOLOGNA,EMILIA ROMAGNA,IST PROF PER I SERVIZI COMMERCIALI,,1,capacita_esaurita_o_oltre_max_km
202425,0.346,42,statale,SCUOLA SECONDARIA II GRADO,1,PGTD12000A,MAGIONE,MAGIONE,PERUGIA,UMBRIA,ISTITUTO TECNICO COMMERCIALE,,1,capacita_esaurita_o_oltre_max_km
202425,0.346,42,statale,SCUOLA SECONDARIA II GRADO,1,BORI024024,IP MARCELLO MALPIGHI,CREVALCORE,BOLOGNA,EMILIA ROMAGNA,IST PROF INDUSTRIA E ARTIGIANATO,,1,capacita_esaurita_o_oltre_max_km
