anno_scolastico,seed,tipo_gestione,ordine_scuola,anno_corso,codice_scuola_origine,denominazione_origine,comune_origine,provincia_origine,regione_origine,tipo_scuola_anagrafe_origine,tipo_scuola_cluster_origine,n_studenti_non_riallocati,motivo
202425,42,paritaria,SCUOLA SECONDARIA I GRADO,1,LT1MZZ500E,C.P.I.A. Lenola,LENOLA,LATINA,LAZIO,SCUOLA SEC. PRIMO GRADO NON STATALE,,3,capacita_esaurita_o_oltre_max_km
202425,42,paritaria,SCUOLA SECONDARIA II GRADO,1,AVTFV2500P,Bruno Amirante - Ist Tecnico-set Tecnologico-ind Meccanica Meccatronica Energia,ROTONDI,AVELLINO,CAMPANIA,SCUOLA SEC. SECONDO GRADO NON STATALE,,6,capacita_esaurita_o_oltre_max_km
202425,42,paritaria,SCUOLA SECONDARIA II GRADO,1,RGPL025009,LICEO LINGUISTICO PARITARIO LANZA,VITTORIA,RAGUSA,SICILIA,SCUOLA SEC. SECONDO GRADO NON STATALE,,3,capacita_esaurita_o_oltre_max_km
202425,42,paritaria,SCUOLA SECONDARIA II GRADO,1,NAPS5M500T,INTERNATIONAL SCHOOL OF LAGO PATRIA,GIUGLIANO IN CAMPANIA,NAPOLI,CAMPANIA,SCUOLA SEC. SECONDO GRADO NON STATALE,,2,capacita_esaurita_o_oltre_max_km
202425,42,statale,SCUOLA PRIMARIA,1,SAEE87201B,POLLA CAP.P.P.,POLLA,SALERNO,CAMPANIA,SCUOLA PRIMARIA,,1,capacita_esaurita_o_oltre_max_km
202425,42,statale,SCUOLA PRIMARIA,1,SAEE87206L,AULETTA CAP.,AULETTA,SALERNO,CAMPANIA,SCUOLA PRIMARIA,,4,capacita_esaurita_o_oltre_max_km
202425,42,statale,SCUOLA PRIMARIA,1,SAEE87202C,S. PIETRO,POLLA,SALERNO,CAMPANIA,SCUOLA PRIMARIA,,6,capacita_esaurita_o_oltre_max_km
202425,42,statale,SCUOLA PRIMARIA,1,MTEE83503D,"""RODARI""-METAPONTO BERNALDA",BERNALDA,MATERA,BASILICATA,SCUOLA PRIMARIA,,1,capacita_esaurita_o_oltre_max_km
202425,42,statale,SCUOLA PRIMARIA,1,CSEE83202R,SAN GIORGIO ALBANESE - CENTRO,SAN GIORGIO ALBANESE,COSENZA,CALABRIA,SCUOLA PRIMARIA,,1,capacita_esaurita_o_oltre_max_km
202425,42,statale,SCUOLA PRIMARIA,1,SAEE8AP053,PISCIOTTA CAP.P.P.,PISCIOTTA,SALERNO,CAMPANIA,SCUOLA PRIMARIA,,1,capacita_esaurita_o_oltre_max_km
202425,42,statale,SCUOLA SECONDARIA I GRADO,1,SAMM87201A,"POLLA ""E.DE AMICIS""",POLLA,SALERNO,CAMPANIA,SCUOLA PRIMO GRADO,,24,capacita_esaurita_o_oltre_max_km
202425,42,statale,SCUOLA SECONDARIA I GRADO,1,SAMM87203C,AULETTA,AULETTA,SALERNO,CAMPANIA,SCUOLA PRIMO GRADO,,6,capacita_esaurita_o_oltre_max_km
202425,42,statale,SCUOLA SECONDARIA I GRADO,1,SAMM87202B,CAGGIANO,CAGGIANO,SALERNO,CAMPANIA,SCUOLA PRIMO GRADO,,1,capacita_esaurita_o_oltre_max_km
202425,42,statale,SCUOLA SECONDARIA I GRADO,1,MTMM83404N,"""GIOVANNI XXIII""- ROTONDELLA",ROTONDELLA,MATERA,BASILICATA,SCUOLA PRIMO GRADO,,1,capacita_esaurita_o_oltre_max_km
202425,42,statale,SCUOLA SECONDARIA II GRADO,1,CSRA073014,I.P.S.S.A.S.R. -ISTITUTO PROFESSIONALE,SCIGLIANO,COSENZA,CALABRIA,IST PROF PER L'AGRICOLTURA E L'AMBIENTE,,5,capacita_esaurita_o_oltre_max_km
202425,42,statale,SCUOLA SECONDARIA II GRADO,1,RGTD03002X,SEZ.STACCATA ITC BESTA RAGUSA,SANTA CROCE CAMERINA,RAGUSA,SICILIA,ISTITUTO TECNICO COMMERCIALE,,5,capacita_esaurita_o_oltre_max_km
202425,42,statale,SCUOLA SECONDARIA II GRADO,1,FETD00101Q,IST. TEC. ECON. E TECNOL.- PORTOMAGGIORE,PORTOMAGGIORE,FERRARA,EMILIA ROMAGNA,ISTITUTO TECNICO COMMERCIALE,,2,capacita_esaurita_o_oltre_max_km
