anno_scolastico,tipo_gestione,codice_scuola,denominazione_scuola,codice_istituto_riferimento,denominazione_istituto_riferimento,ordine_scuola,anno_corso,area_geografica,regione,provincia,codice_comune,comune,indirizzo_scuola,cap_scuola,tipo_scuola_anagrafe,caratteristica_scuola,fonte_anagrafe,anagrafe_mappata,alunni_italiani,alunni_non_italiani,alunni_totali,quota_non_italiani,sopra_30,m_min,m_min_irrisolvibile,m_min_con_sostituzione_legacy,classi_esatte,alunni_classi_esatte,delta_n_cittadinanza_meno_classi,chiave_classi_confrontabile
202425,statale,ALEE81201V,"CASALNOCETO ""G.BIDONE""",ALIC81200R,VIGUZZOLO - IST. COMPR.,SCUOLA PRIMARIA,3,NORD OVEST,PIEMONTE,ALESSANDRIA,B902,CASALNOCETO,VIA VOLPEDO 3,15052,SCUOLA PRIMARIA,NORMALE,standard,1,0,4,4,1.000000,1,,1,3,,,,0
202425,statale,ALEE81201V,"CASALNOCETO ""G.BIDONE""",ALIC81200R,VIGUZZOLO - IST. COMPR.,SCUOLA PRIMARIA,5,NORD OVEST,PIEMONTE,ALESSANDRIA,B902,CASALNOCETO,VIA VOLPEDO 3,15052,SCUOLA PRIMARIA,NORMALE,standard,1,0,2,2,1.000000,1,,1,2,,,,0
202425,statale,ALEE823019,"""F.MEZZADRA"" - VIGNALE",ALIC823007,OZZANO M.TO/VIGNALE M.TO,SCUOLA PRIMARIA,3,NORD OVEST,PIEMONTE,ALESSANDRIA,L881,VIGNALE MONFERRATO,VIA MANZONI 38/3,15049,SCUOLA PRIMARIA,NORMALE,standard,1,0,2,2,1.000000,1,,1,2,1,2,0,1
202425,statale,APEE826078,PRIMARIA MONSAMPIETRO MORICO,APIC82600X,MONTEGIORGIO ISC,SCUOLA PRIMARIA,4,CENTRO,MARCHE,FERMO,F379,MONSAMPIETRO MORICO,VIA LEOPARDI N. 12,63020,SCUOLA PRIMARIA,NORMALE,standard,1,0,1,1,1.000000,1,,1,1,1,1,0,1
202425,statale,AQEE815038,CAGNANO AMITERNO,AQIC815004,ISTITUTO COMPR. DON L. MILANI,SCUOLA PRIMARIA,4,SUD,ABRUZZO,L'AQUILA,B358,CAGNANO AMITERNO,VIA ESTERNA,67012,SCUOLA PRIMARIA,NORMALE,standard,1,0,1,1,1.000000,1,,1,1,1,1,0,1
202425,statale,AQEE81507C,CAPITIGNANO CAP.,AQIC815004,ISTITUTO COMPR. DON L. MILANI,SCUOLA PRIMARIA,4,SUD,ABRUZZO,L'AQUILA,B658,CAPITIGNANO,VIA ROMA 4,67014,SCUOLA PRIMARIA,NORMALE,standard,1,0,1,1,1.000000,1,,1,1,1,1,0,1
202425,statale,AQEE823059,NAVELLI CAP.,AQIC823003,IC NAVELLI,SCUOLA PRIMARIA,3,SUD,ABRUZZO,L'AQUILA,F852,NAVELLI,PIAZZA SAN PELINO S.N.C.,67020,SCUOLA PRIMARIA,NORMALE,standard,1,0,1,1,1.000000,1,,1,1,,,,0
202425,statale,AQEE823059,NAVELLI CAP.,AQIC823003,IC NAVELLI,SCUOLA PRIMARIA,4,SUD,ABRUZZO,L'AQUILA,F852,NAVELLI,PIAZZA SAN PELINO S.N.C.,67020,SCUOLA PRIMARIA,NORMALE,standard,1,0,4,4,1.000000,1,,1,3,,,,0
202425,statale,AREE82905V,"""DOTT.G.FRACASSI""",ARIC82900L,G. MONACO,SCUOLA PRIMARIA,1,CENTRO,TOSCANA,AREZZO,C648,CHITIGNANO,VIA DIVISIONE GARIBALDI 26,52010,SCUOLA PRIMARIA,NORMALE,standard,1,0,1,1,1.000000,1,,1,1,,,,0
202425,statale,AREE83804L,L. TEMPESTA,ARIC83800B,MARGARITONE,SCUOLA PRIMARIA,2,CENTRO,TOSCANA,AREZZO,A390,AREZZO,LOC. PALAZZO DEL PERO,52100,SCUOLA PRIMARIA,NORMALE,standard,1,0,1,1,1.000000,1,,1,1,1,1,0,1
202425,statale,ATEE805051,SETTIME,ATIC80500P,I C CASTELL'ALFERO,SCUOLA PRIMARIA,1,NORD OVEST,PIEMONTE,ASTI,I698,SETTIME,VIA UMBERTO I 43,14020,SCUOLA PRIMARIA,NORMALE,standard,1,0,1,1,1.000000,1,,1,1,,,,0
202425,statale,ATEE805051,SETTIME,ATIC80500P,I C CASTELL'ALFERO,SCUOLA PRIMARIA,2,NORD OVEST,PIEMONTE,ASTI,I698,SETTIME,VIA UMBERTO I 43,14020,SCUOLA PRIMARIA,NORMALE,standard,1,0,4,4,1.000000,1,,1,3,,,,0
202425,statale,ATEE805051,SETTIME,ATIC80500P,I C CASTELL'ALFERO,SCUOLA PRIMARIA,3,NORD OVEST,PIEMONTE,ASTI,I698,SETTIME,VIA UMBERTO I 43,14020,SCUOLA PRIMARIA,NORMALE,standard,1,0,2,2,1.000000,1,,1,2,,,,0
202425,statale,ATEE805051,SETTIME,ATIC80500P,I C CASTELL'ALFERO,SCUOLA PRIMARIA,5,NORD OVEST,PIEMONTE,ASTI,I698,SETTIME,VIA UMBERTO I 43,14020,SCUOLA PRIMARIA,NORMALE,standard,1,0,2,2,1.000000,1,,1,2,,,,0
202425,paritaria,AV1E01200R,GIRASOLE-KINDERGARTEN-LA BASE,,,SCUOLA PRIMARIA,4,SUD,CAMPANIA,AVELLINO,A509,AVELLINO,VIA CARLO GESUALDO 1,83100,SCUOLA PRIMARIA NON STATALE,NON DISPONIBILE (PARITARIA),standard,1,0,1,1,1.000000,1,,1,1,,,,0
202425,statale,AVEE807057,SCUOLA ELEMENTARE - S.NICOLA B.,AVIC807001,I.C. BENEDETTO C ROCE,SCUOLA PRIMARIA,1,SUD,CAMPANIA,AVELLINO,I061,SAN NICOLA BARONIA,VIA SAN GIUSEPPE,83050,SCUOLA PRIMARIA,NORMALE,standard,1,0,1,1,1.000000,1,,1,1,1,1,0,1
202425,statale,AVEE84807G,CAP-MONTEFREDANE,AVIC848007,I.C. C.CARUSO,SCUOLA PRIMARIA,5,SUD,CAMPANIA,AVELLINO,F511,MONTEFREDANE,VIA ROMA,83030,SCUOLA PRIMARIA,NORMALE,standard,1,0,2,2,1.000000,1,,1,2,1,2,0,1
202425,statale,AVEE84907B,CAPOLUOGO-SAVIGNANO IRPINO,AVIC849003,"I.C. ""CALVARIO - COVOTTA""",SCUOLA PRIMARIA,3,SUD,CAMPANIA,AVELLINO,I471,SAVIGNANO IRPINO,VIA PROVINCIALE,83030,SCUOLA PRIMARIA,NORMALE,standard,1,0,1,1,1.000000,1,,1,1,,,,0
202425,statale,AVEE87702A,AQUILONIA,AVIC877007,IST.OMNICOMPRENSIVO DE SANCTIS,SCUOLA PRIMARIA,3,SUD,CAMPANIA,AVELLINO,A347,AQUILONIA,VIA CIRCUMVALLAZIONE,83041,SCUOLA PRIMARIA,NORMALE,standard,1,0,1,1,1.000000,1,,1,1,1,1,0,1
202425,statale,AVMM807056,SAN NICOLA BARONIA,AVIC807001,I.C. BENEDETTO C ROCE,SCUOLA SECONDARIA I GRADO,1,SUD,CAMPANIA,AVELLINO,I061,SAN NICOLA BARONIA,VIA SAN GIUSEPPE,83050,SCUOLA PRIMO GRADO,NORMALE,standard,1,0,3,3,1.000000,1,,1,3,1,3,0,1
202425,statale,BIEE80003N,CAMPIGLIA CERVO,BIIC80000D,IC ANDORNO MICCA,SCUOLA PRIMARIA,1,NORD OVEST,PIEMONTE,BIELLA,M373,CAMPIGLIA CERVO,PIAZZA DELLA CHIESA,13812,SCUOLA PRIMARIA,NORMALE,standard,1,0,1,1,1.000000,1,,1,1,,,,0
202425,statale,BLEE82802A,"""GOSALDO""",BLIC828007,"IC AGORDO ""A. PERTILE""",SCUOLA PRIMARIA,3,NORD EST,VENETO,BELLUNO,E113,GOSALDO,VIA DON 9/A,32020,SCUOLA PRIMARIA,NORMALE,standard,1,0,1,1,1.000000,1,,1,1,,,,0
202425,statale,BOEE80904A,GRAZIA DELEDDA,BOIC809005,I.C. DI BORGO TOSSIGNANO,SCUOLA PRIMARIA,3,NORD EST,EMILIA ROMAGNA,BOLOGNA,B892,CASALFIUMANESE,VIA MARTIRI DELLA RAPPRESAGLIA 5,40020,SCUOLA PRIMARIA,NORMALE,standard,1,0,1,1,1.000000,1,,1,1,1,1,0,1
202425,statale,BREE84302V,"ISTITUTO""LA NOSTRA FAMIGLIA""",BRIC84300Q,"I.C.""PESSINA-VITALE-BARNABA""",SCUOLA PRIMARIA,2,SUD,PUGLIA,BRINDISI,G187,OSTUNI,VIA PANORAMICA DEI COLLI,72017,SCUOLA PRIMARIA,NORMALE,standard,1,0,2,2,1.000000,1,,1,2,1,2,0,1
202425,statale,BREE84302V,"ISTITUTO""LA NOSTRA FAMIGLIA""",BRIC84300Q,"I.C.""PESSINA-VITALE-BARNABA""",SCUOLA PRIMARIA,5,SUD,PUGLIA,BRINDISI,G187,OSTUNI,VIA PANORAMICA DEI COLLI,72017,SCUOLA PRIMARIA,NORMALE,standard,1,0,1,1,1.000000,1,,1,1,1,1,0,1
202425,statale,BSEE80603C,CAPOVALLE CAP.,BSIC806008,I.C. DI BAGOLINO,SCUOLA PRIMARIA,1,NORD OVEST,LOMBARDIA,BRESCIA,B676,CAPOVALLE,PIAZZA MARCONI 2,25070,SCUOLA PRIMARIA,NORMALE,standard,1,0,1,1,1.000000,1,,1,1,,,,0
202425,statale,BSEE8AE048,SCUOLA PRIMARIA MURA,BSIC8AE003,VESTONE,SCUOLA PRIMARIA,2,NORD OVEST,LOMBARDIA,BRESCIA,F806,MURA,PIAZZA PAOLO SESTO N. 7,25070,SCUOLA PRIMARIA,NORMALE,standard,1,0,1,1,1.000000,1,,1,1,,,,0
202425,paritaria,BSPSB05000,"Liceo Sc. opz. Scienze Applicate ""Stanford""",,,SCUOLA SECONDARIA II GRADO,1,NORD OVEST,LOMBARDIA,BRESCIA,B157,BRESCIA,Via F.lli Bronzetti 9,25122,SCUOLA SEC. SECONDO GRADO NON STATALE,NON DISPONIBILE (PARITARIA),standard,1,0,1,1,1.000000,1,,1,1,1,1,0,1
202425,paritaria,BSTN01500A,"Ist. Tec. - ind. Turismo - ""Euroscuola""",,,SCUOLA SECONDARIA II GRADO,1,NORD OVEST,LOMBARDIA,BRESCIA,B157,BRESCIA,Via Fratelli Bronzetti 9,25122,SCUOLA SEC. SECONDO GRADO NON STATALE,NON DISPONIBILE (PARITARIA),standard,1,0,2,2,1.000000,1,,1,2,1,2,0,1
202425,statale,CBEE82502P,TORO CAPOLUOGO,CBIC82500G,I.C. CAMPODIPIETRA M.T.CALCUTTA,SCUOLA PRIMARIA,3,SUD,MOLISE,CAMPOBASSO,L230,TORO,VIALE S.FRANCESCO,86018,SCUOLA PRIMARIA,NORMALE,standard,1,0,1,1,1.000000,1,,1,1,,,,0
202425,statale,CBEE82502P,TORO CAPOLUOGO,CBIC82500G,I.C. CAMPODIPIETRA M.T.CALCUTTA,SCUOLA PRIMARIA,5,SUD,MOLISE,CAMPOBASSO,L230,TORO,VIALE S.FRANCESCO,86018,SCUOLA PRIMARIA,NORMALE,standard,1,0,2,2,1.000000,1,,1,2,,,,0
202425,statale,CBEE84603R,"BOIANO ""CASTELLONE""",CBIC84600L,"""F. AMATUZIO-PALLOTTA""",SCUOLA PRIMARIA,3,SUD,MOLISE,CAMPOBASSO,A930,BOJANO,VIA COLALILLO,86021,SCUOLA PRIMARIA,NORMALE,standard,1,0,2,2,1.000000,1,,1,2,1,2,0,1
202425,statale,CBMM82502N,TORO,CBIC82500G,I.C. CAMPODIPIETRA M.T.CALCUTTA,SCUOLA SECONDARIA I GRADO,2,SUD,MOLISE,CAMPOBASSO,L230,TORO,VIALE SAN FRANCESCO,86018,SCUOLA PRIMO GRADO,NORMALE,standard,1,0,2,2,1.000000,1,,1,2,1,2,0,1
202425,statale,CBMM82704B,FOSSALTO,CBIC827007,"BARANELLO ""G. BARONE""",SCUOLA SECONDARIA I GRADO,1,SUD,MOLISE,CAMPOBASSO,D737,FOSSALTO,VIA SANDRO PERTINI SNC,86020,SCUOLA PRIMO GRADO,NORMALE,standard,1,0,2,2,1.000000,1,,1,2,1,2,0,1
202425,statale,CEMM85409R,VALLE AGRICOLA SS. AILANO,CEIC85400B,I.A.C. CAPRIATI AL VOLTURNO,SCUOLA SECONDARIA I GRADO,3,SUD,CAMPANIA,CASERTA,L594,VALLE AGRICOLA,VIA GARIBALDI,81010,SCUOLA PRIMO GRADO,NORMALE,standard,1,0,1,1,1.000000,1,,1,1,1,1,0,1
202425,paritaria,CEPM195000,Future's Institute - Liceo delle Scienze Umane,,,SCUOLA SECONDARIA II GRADO,2,SUD,CAMPANIA,CASERTA,E932,MARCIANISE,Via Trentola S.N.C.,81025,SCUOLA SEC. SECONDO GRADO NON STATALE,NON DISPONIBILE (PARITARIA),standard,1,0,8,8,1.000000,1,,1,6,1,8,0,1
202425,paritaria,CHRI00500N,PITAGORA,,,SCUOLA SECONDARIA II GRADO,4,SUD,ABRUZZO,CHIETI,D763,FRANCAVILLA AL MARE,VIA F.P.TOSTI 38,66023,SCUOLA SEC. SECONDO GRADO NON STATALE,NON DISPONIBILE (PARITARIA),standard,1,0,1,1,1.000000,1,,1,1,1,1,0,1
202425,statale,CNEE807061,"""A.VACCHETTA"" LEQUIO TANARO",CNIC80700N,BENEVAGIENNA,SCUOLA PRIMARIA,4,NORD OVEST,PIEMONTE,CUNEO,E539,LEQUIO TANARO,VIA GIACOMO CIGLIUTTI N.17,12060,SCUOLA PRIMARIA,NORMALE,standard,1,0,1,1,1.000000,1,,1,1,,,,0
202425,statale,CNEE82302P,CASTELLINALDO - CAPOLUOGO,CNIC82300G,GOVONE,SCUOLA PRIMARIA,2,NORD OVEST,PIEMONTE,CUNEO,C173,CASTELLINALDO D'ALBA,VIA GUGLIELMO MARCONI 7,12050,SCUOLA PRIMARIA,NORMALE,standard,1,0,1,1,1.000000,1,,1,1,,,,0
202425,statale,CNEE82403G,CASTIGLIONE TINELLA - CAPOL.,CNIC82400B,SANTO STEFANO BELBO,SCUOLA PRIMARIA,1,NORD OVEST,PIEMONTE,CUNEO,C317,CASTIGLIONE TINELLA,VIA CIRCONVALLAZIONE,12050,SCUOLA PRIMARIA,NORMALE,standard,1,0,1,1,1.000000,1,,1,1,,,,0
202425,statale,CNEE84502G,PRIMARIA FALICETTO,CNIC84500C,VERZUOLO,SCUOLA PRIMARIA,5,NORD OVEST,PIEMONTE,CUNEO,L804,VERZUOLO,VIA SALUZZO 15,12039,SCUOLA PRIMARIA,NORMALE,standard,1,0,2,2,1.000000,1,,1,2,,,,0
202425,statale,CNMM83702G,NEIVE SS MANGO,CNIC83700D,NEIVE,SCUOLA SECONDARIA I GRADO,1,NORD OVEST,PIEMONTE,CUNEO,E887,MANGO,VIA CIRCONVALLAZIONE N. 43,12056,SCUOLA PRIMO GRADO,NORMALE,standard,1,0,4,4,1.000000,1,,1,3,1,4,0,1
202425,statale,COEE85002Q,GRANDOLA,COIC85000L,I.C. MENAGGIO,SCUOLA PRIMARIA,4,NORD OVEST,LOMBARDIA,COMO,E141,GRANDOLA ED UNITI,VIA ROMA,22010,SCUOLA PRIMARIA,NORMALE,standard,1,0,1,1,1.000000,1,,1,1,,,,0
202425,statale,CREE805065,"""P. SANDRO PIZZI"" RICENGO",CRIC80500T,IC FALCONE BORSELLINO-OFFANENGO,SCUOLA PRIMARIA,4,NORD OVEST,LOMBARDIA,CREMONA,H276,RICENGO,VIA SANDRO PERTINI 4,26010,SCUOLA PRIMARIA,NORMALE,standard,1,0,1,1,1.000000,1,,1,1,,,,0
202425,statale,CSEE824062,FRANCAV/CERCH - S.LORENZO BELL.,CSIC82400P,IC FRANCAVILLA - CERCHIARA,SCUOLA PRIMARIA,1,SUD,CALABRIA,COSENZA,H961,SAN LORENZO BELLIZZI,Non Disponibile,87070,SCUOLA PRIMARIA,NORMALE,standard,1,0,1,1,1.000000,1,,1,1,,,,0
202425,statale,CSEE83204V,SAN COSMO ALBANESE CENTRO,CSIC83200N,IC SAN DEMETRIO CORONE,SCUOLA PRIMARIA,2,SUD,CALABRIA,COSENZA,H806,SAN COSMO ALBANESE,VIA RADDIA,86060,SCUOLA PRIMARIA,NORMALE,standard,1,0,5,5,1.000000,1,,1,4,1,5,0,1
202425,statale,CSEE849048,CALOPEZZATI-CENTRO,CSIC849003,IC MANDATORICCIO,SCUOLA PRIMARIA,2,SUD,CALABRIA,COSENZA,B424,CALOPEZZATI,VIA S.MARCO,87060,SCUOLA PRIMARIA,NORMALE,standard,1,0,2,2,1.000000,1,,1,2,,,,0
202425,statale,CSEE85003B,CANNA - CENTRO,CSIC850007,IC ROCCA IMP - MONTEGIORDANO,SCUOLA PRIMARIA,1,SUD,CALABRIA,COSENZA,B607,CANNA,VIA G.B. PITRELLI,87070,SCUOLA PRIMARIA,NORMALE,standard,1,0,1,1,1.000000,1,,1,1,1,1,0,1
202425,statale,CSEE85004C,NOCARA - CENTRO,CSIC850007,IC ROCCA IMP - MONTEGIORDANO,SCUOLA PRIMARIA,1,SUD,CALABRIA,COSENZA,F907,NOCARA,VIA S.S.ANNUNZIATA 1,87070,SCUOLA PRIMARIA,NORMALE,standard,1,0,1,1,1.000000,1,,1,1,1,1,0,1
202425,statale,CSEE85007G,MONTEGIORDANO CENTRO,CSIC850007,IC ROCCA IMP - MONTEGIORDANO,SCUOLA PRIMARIA,2,SUD,CALABRIA,COSENZA,F519,MONTEGIORDANO,LARGO DELLE REPUBBLICA 7,87070,SCUOLA PRIMARIA,NORMALE,standard,1,0,2,2,1.000000,1,,1,2,1,2,0,1
202425,statale,CSMM84803A,SM BOCCHIGLIERO,CSIC848007,IC LONGOBUCCO,SCUOLA SECONDARIA I GRADO,1,SUD,CALABRIA,COSENZA,A912,BOCCHIGLIERO,VIA RIFORMA,87060,SCUOLA PRIMO GRADO,NORMALE,standard,1,0,1,1,1.000000,1,,1,1,1,1,0,1
202425,statale,CSMM84803A,SM BOCCHIGLIERO,CSIC848007,IC LONGOBUCCO,SCUOLA SECONDARIA I GRADO,2,SUD,CALABRIA,COSENZA,A912,BOCCHIGLIERO,VIA RIFORMA,87060,SCUOLA PRIMO GRADO,NORMALE,standard,1,0,2,2,1.000000,1,,1,2,1,2,0,1
202425,statale,CSMM85006D,SM MONTEGIORDANO,CSIC850007,IC ROCCA IMP - MONTEGIORDANO,SCUOLA SECONDARIA I GRADO,1,SUD,CALABRIA,COSENZA,F519,MONTEGIORDANO,VIA GRAMSCI,87070,SCUOLA PRIMO GRADO,NORMALE,standard,1,0,2,2,1.000000,1,,1,2,1,2,0,1
202425,statale,CSMM85107A,SM BELSITO,CSIC851003,IC MANGONE - GRIMALDI,SCUOLA SECONDARIA I GRADO,1,SUD,CALABRIA,COSENZA,A768,BELSITO,VIA DELLA REPUBBLICA,87030,SCUOLA PRIMO GRADO,NORMALE,standard,1,0,2,2,1.000000,1,,1,2,1,2,0,1
202425,statale,CTEE82204B,SCUOLA PRIMARIA GRANIERI,CTIC822006,I.C. G. ARCOLEO - V. DA FELTRE,SCUOLA PRIMARIA,2,ISOLE,SICILIA,CATANIA,B428,CALTAGIRONE,VIA TORINO S.N.,95040,SCUOLA PRIMARIA,NORMALE,standard,1,0,1,1,1.000000,1,,1,1,,,,0
202425,statale,CZEE82404Q,SOVERIA SIMERI,CZIC82400E,IC CROPANI-SIMERI CRICHI,SCUOLA PRIMARIA,1,SUD,CALABRIA,CATANZARO,I875,SOVERIA SIMERI,VIA A. PALLAVICINO,88050,SCUOLA PRIMARIA,NORMALE,standard,1,0,1,1,1.000000,1,,1,1,,,,0
202425,statale,CZEE86804D,LAMEZIA T S.EUFEMIA -S.PIETRO L,CZIC868008,IC LAMEZIA BORRELLO-FIORENTINO,SCUOLA PRIMARIA,1,SUD,CALABRIA,CATANZARO,M208,LAMEZIA TERME,VIA MONTEGRAPPA,88046,SCUOLA PRIMARIA,NORMALE,standard,1,0,1,1,1.000000,1,,1,1,1,1,0,1
202425,statale,FGEE82002C,SC PRIMARIA ALBERONA,FGIC820009,"I.C. ""ROSETI""",SCUOLA PRIMARIA,5,SUD,PUGLIA,FOGGIA,A150,ALBERONA,VIA STRIZZI,71031,SCUOLA PRIMARIA,NORMALE,standard,1,0,1,1,1.000000,1,,1,1,,,,0
202425,statale,FGEE856038,S. E. BORGO MEZZONONE,FGIC856004,"I.C. ""ALFIERI - GARIBALDI""",SCUOLA PRIMARIA,1,SUD,PUGLIA,FOGGIA,E885,MANFREDONIA,BORGATA MEZZANONE FRAZ.DI MANFREDONIA,71043,SCUOLA PRIMARIA,NORMALE,standard,1,0,3,3,1.000000,1,,1,3,1,3,0,1
202425,statale,FGEE87003E,LOCAL.SEGEZIA,FGIC87000A,"I.C. ""D. ALIGHIERI""",SCUOLA PRIMARIA,2,SUD,PUGLIA,FOGGIA,D643,FOGGIA,LOCALITA SEGEZIA PRIMARIA,71100,SCUOLA PRIMARIA,NORMALE,standard,1,0,1,1,1.000000,1,,1,1,,,,0
202425,statale,FOEE80804T,PORTICO DI R. - A.TRAVERSARI,FOIC80800L,IC VALLE DEL MONTONE,SCUOLA PRIMARIA,1,NORD EST,EMILIA ROMAGNA,FORLI'-CESENA,G904,PORTICO E SAN BENEDETTO,VIA TOSCO ROMAGNOLA N. 6,47010,SCUOLA PRIMARIA,NORMALE,standard,1,0,7,7,1.000000,1,,1,5,,,,0
202425,statale,FOEE80804T,PORTICO DI R. - A.TRAVERSARI,FOIC80800L,IC VALLE DEL MONTONE,SCUOLA PRIMARIA,5,NORD EST,EMILIA ROMAGNA,FORLI'-CESENA,G904,PORTICO E SAN BENEDETTO,VIA TOSCO ROMAGNOLA N. 6,47010,SCUOLA PRIMARIA,NORMALE,standard,1,0,1,1,1.000000,1,,1,1,,,,0
202425,statale,FOEE813038,"PREMILCUORE ""ALDO SPALLICCI""",FOIC813004,IC PREDAPPIO,SCUOLA PRIMARIA,3,NORD EST,EMILIA ROMAGNA,FORLI'-CESENA,H034,PREMILCUORE,VIALE MARCONI 10,47010,SCUOLA PRIMARIA,NORMALE,standard,1,0,2,2,1.000000,1,,1,2,,,,0
202425,statale,FREE82004G,GALLINARO CAPOLUOGO,FRIC82000A,ISTITUTO OMNICOMPRENSIVO ALVITO,SCUOLA PRIMARIA,1,CENTRO,LAZIO,FROSINONE,D881,GALLINARO,VIA S. GERARDO,03040,SCUOLA PRIMARIA,NORMALE,standard,1,0,1,1,1.000000,1,,1,1,1,1,0,1
202425,statale,GEEE81903V,"SCUOLA PRIMARIA ""ALDO MORO""",GEIC81900P,I.C. BUSALLA,SCUOLA PRIMARIA,5,NORD OVEST,LIGURIA,GENOVA,D175,CROCEFIESCHI,VIA ALLA CHIESA 12,16010,SCUOLA PRIMARIA,NORMALE,standard,1,0,1,1,1.000000,1,,1,1,,,,0
202425,statale,GOEE814038,SCUOLA PRIMARIA V. FUMAGALLI,GOIC814004,IC GORIZIA 2,SCUOLA PRIMARIA,2,NORD EST,FRIULI-VENEZIA G.,GORIZIA,E098,GORIZIA,VIA DELLA CAPPELLA 7,34170,SCUOLA PRIMARIA,NORMALE,standard,1,0,4,4,1.000000,1,,1,3,,,,0
202425,statale,GREE81102V,"MONTENERO - ""E.TOTI""",GRIC81100Q,"IC ""VANNINI-LAZZARETTI"" C.PIANO",SCUOLA PRIMARIA,2,CENTRO,TOSCANA,GROSSETO,C085,CASTEL DEL PIANO,VIA DELL'AIA,58033,SCUOLA PRIMARIA,NORMALE,standard,1,0,5,5,1.000000,1,,1,4,,,,0
202425,statale,GREE815015,BOCCHEGGIANO,GRIC815003,"IC ""DON C.BRESCHI""MASSA M.MA",SCUOLA PRIMARIA,1,CENTRO,TOSCANA,GROSSETO,F677,MONTIERI,VIA TORQUATO TASSO N.19,58020,SCUOLA PRIMARIA,NORMALE,standard,1,0,2,2,1.000000,1,,1,2,,,,0
202425,statale,GREE815059,PRATA,GRIC815003,"IC ""DON C.BRESCHI""MASSA M.MA",SCUOLA PRIMARIA,1,CENTRO,TOSCANA,GROSSETO,F032,MASSA MARITTIMA,VIA NUOVA N.4,58024,SCUOLA PRIMARIA,NORMALE,standard,1,0,5,5,1.000000,1,,1,4,,,,0
202425,statale,GREE815059,PRATA,GRIC815003,"IC ""DON C.BRESCHI""MASSA M.MA",SCUOLA PRIMARIA,2,CENTRO,TOSCANA,GROSSETO,F032,MASSA MARITTIMA,VIA NUOVA N.4,58024,SCUOLA PRIMARIA,NORMALE,standard,1,0,1,1,1.000000,1,,1,1,,,,0
202425,statale,GREE81703V,CAMPAGNATICO CAPOLUOGO,GRIC81700P,"IC ""TOZZI"" C.PAGANICO",SCUOLA PRIMARIA,1,CENTRO,TOSCANA,GROSSETO,B497,CAMPAGNATICO,VIA ROMA,58042,SCUOLA PRIMARIA,NORMALE,standard,1,0,1,1,1.000000,1,,1,1,,,,0
202425,statale,GRMM815025,MONTEROTONDO M/MO,GRIC815003,"IC ""DON C.BRESCHI""MASSA M.MA",SCUOLA SECONDARIA I GRADO,1,CENTRO,TOSCANA,GROSSETO,F612,MONTEROTONDO MARITTIMO,VIA GARIBALDI N.12,58025,SCUOLA PRIMO GRADO,NORMALE,standard,1,0,7,7,1.000000,1,,1,5,1,7,0,1
202425,statale,IMEE806016,PERINALDO,IMIC806004,I.C. A.DORIA VALLECROSIA,SCUOLA PRIMARIA,2,NORD OVEST,LIGURIA,IMPERIA,G454,PERINALDO,VIA SAN ROMOLO 5,18032,SCUOLA PRIMARIA,NORMALE,standard,1,0,2,2,1.000000,1,,1,2,,,,0
202425,statale,IMEE81303B,E.E.MORO-FR S.BARTOLOMEO,IMIC813007,I.C. SAN REMO CENTRO LEVANTE,SCUOLA PRIMARIA,3,NORD OVEST,LIGURIA,IMPERIA,I138,SANREMO,STRADA S.BARTOLOMEO,18038,SCUOLA PRIMARIA,NORMALE,standard,1,0,1,1,1.000000,1,,1,1,1,1,0,1
202425,statale,ISEE81205V,SAN PIETRO AVELLANA CAPOLUOGO,ISIC81200L,"I.C. ""MOLISE ALTISSIMO """,SCUOLA PRIMARIA,3,SUD,MOLISE,ISERNIA,I096,SAN PIETRO AVELLANA,VIA SAN ROCCO,86088,SCUOLA PRIMARIA,NORMALE,standard,1,0,1,1,1.000000,1,,1,1,1,1,0,1
202425,statale,ISEE829036,BELMONTE NEL SANNIOCAPOLUOGO,ISIC829002,IST OMNICOMPRENSIVO G D'AGNILLO,SCUOLA PRIMARIA,3,SUD,MOLISE,ISERNIA,A761,BELMONTE DEL SANNIO,VIA CARDARELLI,86080,SCUOLA PRIMARIA,NORMALE,standard,1,0,1,1,1.000000,1,,1,1,,,,0
202425,paritaria,ISPMFM500P,Istituto Scienze Umane Opz. Economico-Sociale Polo San Pietro Celestino,,,SCUOLA SECONDARIA II GRADO,3,SUD,MOLISE,ISERNIA,E335,ISERNIA,Via farinacci,86170,SCUOLA SEC. SECONDO GRADO NON STATALE,NON DISPONIBILE (PARITARIA),standard,1,0,1,1,1.000000,1,,1,1,1,1,0,1
202425,statale,LIEE82903N,NORMA PARENTI POPULONIA,LIIC82900D,COMPRENSIVO 2,SCUOLA PRIMARIA,4,CENTRO,TOSCANA,LIVORNO,G687,PIOMBINO,VIA DEL BUCCHERO 1,57020,SCUOLA PRIMARIA,NORMALE,standard,1,0,2,2,1.000000,1,,1,2,,,,0
202425,paritaria,LT1MZZ500E,C.P.I.A. Lenola,,,SCUOLA SECONDARIA I GRADO,1,CENTRO,LAZIO,LATINA,E527,LENOLA,VIA SANTA CROCE 16,04025,SCUOLA SEC. PRIMO GRADO NON STATALE,NON DISPONIBILE (PARITARIA),standard,1,0,30,30,1.000000,1,,1,21,1,30,0,1
202425,paritaria,LT1MZZ500E,C.P.I.A. Lenola,,,SCUOLA SECONDARIA I GRADO,3,CENTRO,LAZIO,LATINA,E527,LENOLA,VIA SANTA CROCE 16,04025,SCUOLA SEC. PRIMO GRADO NON STATALE,NON DISPONIBILE (PARITARIA),standard,1,0,43,43,1.000000,1,,1,31,2,43,0,1
202425,statale,MCEE80404B,G. COLUCCI,MCIC804006,GIACOMO LEOPARDI,SCUOLA PRIMARIA,2,CENTRO,MARCHE,MACERATA,G436,PENNA SAN GIOVANNI,VIA G. PASCOLI,62020,SCUOLA PRIMARIA,NORMALE,standard,1,0,2,2,1.000000,1,,1,2,,,,0
202425,paritaria,MCTD00500B,"ISTITUTO TECNICO COMMERCIALE""IRENEO ALEANDRI""",,,SCUOLA SECONDARIA II GRADO,4,CENTRO,MARCHE,MACERATA,E783,MACERATA,VIA CINCINELLI 4,62100,SCUOLA SEC. SECONDO GRADO NON STATALE,NON DISPONIBILE (PARITARIA),standard,1,0,1,1,1.000000,1,,1,1,1,1,0,1
202425,statale,MEEE814058,MOTTA D'AFFERMO,MEIC814002,TUSA-MISTRETTA,SCUOLA PRIMARIA,2,ISOLE,SICILIA,MESSINA,F773,MOTTA D'AFFERMO,VIA PADRE ANNIBALE MARIA DI FRANCIA1,98070,SCUOLA PRIMARIA,NORMALE,standard,1,0,1,1,1.000000,1,,1,1,1,1,0,1
202425,statale,MEEE81409C,"""ALDO MORO""",MEIC814002,TUSA-MISTRETTA,SCUOLA PRIMARIA,1,ISOLE,SICILIA,MESSINA,H228,REITANO,VIA XXV APRILE,98070,SCUOLA PRIMARIA,NORMALE,standard,1,0,2,2,1.000000,1,,1,2,1,2,0,1
202425,statale,MEEE82503L,FRAZ S. ANTONINO,MEIC82500C,I.C. FOSCOLO,SCUOLA PRIMARIA,5,ISOLE,SICILIA,MESSINA,A638,BARCELLONA POZZO DI GOTTO,VIA N. BIXIO 2,98051,SCUOLA PRIMARIA,NORMALE,standard,1,0,7,7,1.000000,1,,1,5,1,7,0,1
202425,statale,MEEE83808X,FLORESTA CENTRO,MEIC83800E,CASTELL'UMBERTO,SCUOLA PRIMARIA,5,ISOLE,SICILIA,MESSINA,D635,FLORESTA,VIA UMBERTO 1,98030,SCUOLA PRIMARIA,NORMALE,standard,1,0,1,1,1.000000,1,,1,1,1,1,0,1
202425,statale,MEEE886078,LIMINA,MEIC88600X,"N.1""FOSCOLO""TAORMINA",SCUOLA PRIMARIA,4,ISOLE,SICILIA,MESSINA,E594,LIMINA,Non Disponibile,98030,SCUOLA PRIMARIA,NORMALE,standard,1,0,1,1,1.000000,1,,1,1,1,1,0,1
202425,statale,MEMM814046,MOTTA D'AFFERMO,MEIC814002,TUSA-MISTRETTA,SCUOLA SECONDARIA I GRADO,3,ISOLE,SICILIA,MESSINA,F773,MOTTA D'AFFERMO,VIA A. M. DI FRANCIA,98070,SCUOLA PRIMO GRADO,NORMALE,standard,1,0,1,1,1.000000,1,,1,1,1,1,0,1
202425,paritaria,MEPC2A500L,LICEO MUSICALE E COREUTICO - sezione musicale LUCIANO PAVAROTTI,,,SCUOLA SECONDARIA II GRADO,3,ISOLE,SICILIA,MESSINA,M210,TERME VIGLIATORE,VIA DEL MARE 67,98050,SCUOLA SEC. SECONDO GRADO NON STATALE,NON DISPONIBILE (PARITARIA),standard,1,0,1,1,1.000000,1,,1,1,1,1,0,1
202425,paritaria,MESL0P500H,LICEO ARTISTICO PARITARIO LUCIANO PAVAROTTI,,,SCUOLA SECONDARIA II GRADO,3,ISOLE,SICILIA,MESSINA,M210,TERME VIGLIATORE,VAI DEL MARE 5,98050,SCUOLA SEC. SECONDO GRADO NON STATALE,NON DISPONIBILE (PARITARIA),standard,1,0,1,1,1.000000,1,,1,1,1,1,0,1
202425,statale,MIEE8C504G,PRIMARIA DON GNOCCHI,MIIC8C500A,IC S.GIUSEPPE CALASANZIO,SCUOLA PRIMARIA,4,NORD OVEST,LOMBARDIA,MILANO,F205,MILANO,VIA GOZZADINI 7,20148,SCUOLA PRIMARIA,NORMALE,standard,1,0,1,1,1.000000,1,,1,1,,,,0
202425,paritaria,MITD11500B,ISTITUTO TECNICO COMMERCIALE LEONARDO DA VINCI,,,SCUOLA SECONDARIA II GRADO,2,NORD OVEST,LOMBARDIA,MILANO,F205,MILANO,VIA CAGNOLA 17,20122,SCUOLA SEC. SECONDO GRADO NON STATALE,NON DISPONIBILE (PARITARIA),standard,1,0,2,2,1.000000,1,,1,2,1,2,0,1
202425,paritaria,MITD11500B,ISTITUTO TECNICO COMMERCIALE LEONARDO DA VINCI,,,SCUOLA SECONDARIA II GRADO,4,NORD OVEST,LOMBARDIA,MILANO,F205,MILANO,VIA CAGNOLA 17,20122,SCUOLA SEC. SECONDO GRADO NON STATALE,NON DISPONIBILE (PARITARIA),standard,1,0,2,2,1.000000,1,,1,2,1,2,0,1
202425,statale,MNEE821024,SCUOLA PRIMARIA SCHIVENOGLIA,MNIC821001,ISTITUTO COMPRENSIVO QUISTELLO,SCUOLA PRIMARIA,1,NORD OVEST,LOMBARDIA,MANTOVA,I532,SCHIVENOGLIA,VIA MATTEOTTI 46,46020,SCUOLA PRIMARIA,NORMALE,standard,1,0,2,2,1.000000,1,,1,2,,,,0
202425,statale,MNEE821024,SCUOLA PRIMARIA SCHIVENOGLIA,MNIC821001,ISTITUTO COMPRENSIVO QUISTELLO,SCUOLA PRIMARIA,2,NORD OVEST,LOMBARDIA,MANTOVA,I532,SCHIVENOGLIA,VIA MATTEOTTI 46,46020,SCUOLA PRIMARIA,NORMALE,standard,1,0,3,3,1.000000,1,,1,3,,,,0
202425,statale,MNEE83905C,PRIMARIA BELFORTE,MNIC839006,IC MARCARIA - SABBIONETA,SCUOLA PRIMARIA,1,NORD OVEST,LOMBARDIA,MANTOVA,D959,GAZZUOLO,PIAZZA RISORGIMENTO 1,46020,SCUOLA PRIMARIA,NORMALE,standard,1,0,3,3,1.000000,1,,1,3,,,,0
202425,statale,MSEE810054,PRIMARIA COMANO,MSIC81000T,"I.C. ""COCCHI"" LICCIANA NARDI",SCUOLA PRIMARIA,1,CENTRO,TOSCANA,MASSA-CARRARA,C914,COMANO,VIA ROMA 25,54015,SCUOLA PRIMARIA,NORMALE,standard,1,0,2,2,1.000000,1,,1,2,,,,0
202425,statale,MSMM81602V,"""GALILEO GALILEI"" CASOLA",MSIC81600R,"I.C. ""MORATTI - BONOMI""",SCUOLA SECONDARIA I GRADO,2,CENTRO,TOSCANA,MASSA-CARRARA,B979,CASOLA IN LUNIGIANA,VIA ROMA 32,54014,SCUOLA PRIMO GRADO,NORMALE,standard,1,0,1,1,1.000000,1,,1,1,1,1,0,1
202425,statale,MTMM810034,I GRADO - CRACO,MTIC810001,I.C PIETRELCINA-FLACCO PISTICCI,SCUOLA SECONDARIA I GRADO,3,SUD,BASILICATA,MATERA,D128,CRACO,VIA XXV APRILE,75010,SCUOLA PRIMO GRADO,NORMALE,standard,1,0,1,1,1.000000,1,,1,1,1,1,0,1
202425,paritaria,NA1E05000A,CE.DI.S. IMPRESA SOCIALE S.R.L.,,,SCUOLA PRIMARIA,4,SUD,CAMPANIA,NAPOLI,F839,NAPOLI,III TRAV/SA PROVINCIALE 83,80126,SCUOLA PRIMARIA NON STATALE,NON DISPONIBILE (PARITARIA),standard,1,0,2,2,1.000000,1,,1,2,1,2,0,1
